Emotions,Path
neutral,kaggle/Ravdess/audio_speech_actors_01-24/Actor_01\03-01-01-01-01-01-01.wav
neutral,kaggle/Ravdess/audio_speech_actors_01-24/Actor_01\03-01-01-01-01-02-01.wav
neutral,kaggle/Ravdess/audio_speech_actors_01-24/Actor_01\03-01-01-01-02-01-01.wav
neutral,kaggle/Ravdess/audio_speech_actors_01-24/Actor_01\03-01-01-01-02-02-01.wav
calm,kaggle/Ravdess/audio_speech_actors_01-24/Actor_01\03-01-02-01-01-01-01.wav
calm,kaggle/Ravdess/audio_speech_actors_01-24/Actor_01\03-01-02-01-01-02-01.wav
calm,kaggle/Ravdess/audio_speech_actors_01-24/Actor_01\03-01-02-01-02-01-01.wav
calm,kaggle/Ravdess/audio_speech_actors_01-24/Actor_01\03-01-02-01-02-02-01.wav
calm,kaggle/Ravdess/audio_speech_actors_01-24/Actor_01\03-01-02-02-01-01-01.wav
calm,kaggle/Ravdess/audio_speech_actors_01-24/Actor_01\03-01-02-02-01-02-01.wav
calm,kaggle/Ravdess/audio_speech_actors_01-24/Actor_01\03-01-02-02-02-01-01.wav
calm,kaggle/Ravdess/audio_speech_actors_01-24/Actor_01\03-01-02-02-02-02-01.wav
happy,kaggle/Ravdess/audio_speech_actors_01-24/Actor_01\03-01-03-01-01-01-01.wav
happy,kaggle/Ravdess/audio_speech_actors_01-24/Actor_01\03-01-03-01-01-02-01.wav
happy,kaggle/Ravdess/audio_speech_actors_01-24/Actor_01\03-01-03-01-02-01-01.wav
happy,kaggle/Ravdess/audio_speech_actors_01-24/Actor_01\03-01-03-01-02-02-01.wav
happy,kaggle/Ravdess/audio_speech_actors_01-24/Actor_01\03-01-03-02-01-01-01.wav
happy,kaggle/Ravdess/audio_speech_actors_01-24/Actor_01\03-01-03-02-01-02-01.wav
happy,kaggle/Ravdess/audio_speech_actors_01-24/Actor_01\03-01-03-02-02-01-01.wav
happy,kaggle/Ravdess/audio_speech_actors_01-24/Actor_01\03-01-03-02-02-02-01.wav
sad,kaggle/Ravdess/audio_speech_actors_01-24/Actor_01\03-01-04-01-01-01-01.wav
sad,kaggle/Ravdess/audio_speech_actors_01-24/Actor_01\03-01-04-01-01-02-01.wav
sad,kaggle/Ravdess/audio_speech_actors_01-24/Actor_01\03-01-04-01-02-01-01.wav
sad,kaggle/Ravdess/audio_speech_actors_01-24/Actor_01\03-01-04-01-02-02-01.wav
sad,kaggle/Ravdess/audio_speech_actors_01-24/Actor_01\03-01-04-02-01-01-01.wav
sad,kaggle/Ravdess/audio_speech_actors_01-24/Actor_01\03-01-04-02-01-02-01.wav
sad,kaggle/Ravdess/audio_speech_actors_01-24/Actor_01\03-01-04-02-02-01-01.wav
sad,kaggle/Ravdess/audio_speech_actors_01-24/Actor_01\03-01-04-02-02-02-01.wav
angry,kaggle/Ravdess/audio_speech_actors_01-24/Actor_01\03-01-05-01-01-01-01.wav
angry,kaggle/Ravdess/audio_speech_actors_01-24/Actor_01\03-01-05-01-01-02-01.wav
angry,kaggle/Ravdess/audio_speech_actors_01-24/Actor_01\03-01-05-01-02-01-01.wav
angry,kaggle/Ravdess/audio_speech_actors_01-24/Actor_01\03-01-05-01-02-02-01.wav
angry,kaggle/Ravdess/audio_speech_actors_01-24/Actor_01\03-01-05-02-01-01-01.wav
angry,kaggle/Ravdess/audio_speech_actors_01-24/Actor_01\03-01-05-02-01-02-01.wav
angry,kaggle/Ravdess/audio_speech_actors_01-24/Actor_01\03-01-05-02-02-01-01.wav
angry,kaggle/Ravdess/audio_speech_actors_01-24/Actor_01\03-01-05-02-02-02-01.wav
fearful,kaggle/Ravdess/audio_speech_actors_01-24/Actor_01\03-01-06-01-01-01-01.wav
fearful,kaggle/Ravdess/audio_speech_actors_01-24/Actor_01\03-01-06-01-01-02-01.wav
fearful,kaggle/Ravdess/audio_speech_actors_01-24/Actor_01\03-01-06-01-02-01-01.wav
fearful,kaggle/Ravdess/audio_speech_actors_01-24/Actor_01\03-01-06-01-02-02-01.wav
fearful,kaggle/Ravdess/audio_speech_actors_01-24/Actor_01\03-01-06-02-01-01-01.wav
fearful,kaggle/Ravdess/audio_speech_actors_01-24/Actor_01\03-01-06-02-01-02-01.wav
fearful,kaggle/Ravdess/audio_speech_actors_01-24/Actor_01\03-01-06-02-02-01-01.wav
fearful,kaggle/Ravdess/audio_speech_actors_01-24/Actor_01\03-01-06-02-02-02-01.wav
disgust,kaggle/Ravdess/audio_speech_actors_01-24/Actor_01\03-01-07-01-01-01-01.wav
disgust,kaggle/Ravdess/audio_speech_actors_01-24/Actor_01\03-01-07-01-01-02-01.wav
disgust,kaggle/Ravdess/audio_speech_actors_01-24/Actor_01\03-01-07-01-02-01-01.wav
disgust,kaggle/Ravdess/audio_speech_actors_01-24/Actor_01\03-01-07-01-02-02-01.wav
disgust,kaggle/Ravdess/audio_speech_actors_01-24/Actor_01\03-01-07-02-01-01-01.wav
disgust,kaggle/Ravdess/audio_speech_actors_01-24/Actor_01\03-01-07-02-01-02-01.wav
disgust,kaggle/Ravdess/audio_speech_actors_01-24/Actor_01\03-01-07-02-02-01-01.wav
disgust,kaggle/Ravdess/audio_speech_actors_01-24/Actor_01\03-01-07-02-02-02-01.wav
surprise,kaggle/Ravdess/audio_speech_actors_01-24/Actor_01\03-01-08-01-01-01-01.wav
surprise,kaggle/Ravdess/audio_speech_actors_01-24/Actor_01\03-01-08-01-01-02-01.wav
surprise,kaggle/Ravdess/audio_speech_actors_01-24/Actor_01\03-01-08-01-02-01-01.wav
surprise,kaggle/Ravdess/audio_speech_actors_01-24/Actor_01\03-01-08-01-02-02-01.wav
surprise,kaggle/Ravdess/audio_speech_actors_01-24/Actor_01\03-01-08-02-01-01-01.wav
surprise,kaggle/Ravdess/audio_speech_actors_01-24/Actor_01\03-01-08-02-01-02-01.wav
surprise,kaggle/Ravdess/audio_speech_actors_01-24/Actor_01\03-01-08-02-02-01-01.wav
surprise,kaggle/Ravdess/audio_speech_actors_01-24/Actor_01\03-01-08-02-02-02-01.wav
neutral,kaggle/Ravdess/audio_speech_actors_01-24/Actor_02\03-01-01-01-01-01-02.wav
neutral,kaggle/Ravdess/audio_speech_actors_01-24/Actor_02\03-01-01-01-01-02-02.wav
neutral,kaggle/Ravdess/audio_speech_actors_01-24/Actor_02\03-01-01-01-02-01-02.wav
neutral,kaggle/Ravdess/audio_speech_actors_01-24/Actor_02\03-01-01-01-02-02-02.wav
calm,kaggle/Ravdess/audio_speech_actors_01-24/Actor_02\03-01-02-01-01-01-02.wav
calm,kaggle/Ravdess/audio_speech_actors_01-24/Actor_02\03-01-02-01-01-02-02.wav
calm,kaggle/Ravdess/audio_speech_actors_01-24/Actor_02\03-01-02-01-02-01-02.wav
calm,kaggle/Ravdess/audio_speech_actors_01-24/Actor_02\03-01-02-01-02-02-02.wav
calm,kaggle/Ravdess/audio_speech_actors_01-24/Actor_02\03-01-02-02-01-01-02.wav
calm,kaggle/Ravdess/audio_speech_actors_01-24/Actor_02\03-01-02-02-01-02-02.wav
calm,kaggle/Ravdess/audio_speech_actors_01-24/Actor_02\03-01-02-02-02-01-02.wav
calm,kaggle/Ravdess/audio_speech_actors_01-24/Actor_02\03-01-02-02-02-02-02.wav
happy,kaggle/Ravdess/audio_speech_actors_01-24/Actor_02\03-01-03-01-01-01-02.wav
happy,kaggle/Ravdess/audio_speech_actors_01-24/Actor_02\03-01-03-01-01-02-02.wav
happy,kaggle/Ravdess/audio_speech_actors_01-24/Actor_02\03-01-03-01-02-01-02.wav
happy,kaggle/Ravdess/audio_speech_actors_01-24/Actor_02\03-01-03-01-02-02-02.wav
happy,kaggle/Ravdess/audio_speech_actors_01-24/Actor_02\03-01-03-02-01-01-02.wav
happy,kaggle/Ravdess/audio_speech_actors_01-24/Actor_02\03-01-03-02-01-02-02.wav
happy,kaggle/Ravdess/audio_speech_actors_01-24/Actor_02\03-01-03-02-02-01-02.wav
happy,kaggle/Ravdess/audio_speech_actors_01-24/Actor_02\03-01-03-02-02-02-02.wav
sad,kaggle/Ravdess/audio_speech_actors_01-24/Actor_02\03-01-04-01-01-01-02.wav
sad,kaggle/Ravdess/audio_speech_actors_01-24/Actor_02\03-01-04-01-01-02-02.wav
sad,kaggle/Ravdess/audio_speech_actors_01-24/Actor_02\03-01-04-01-02-01-02.wav
sad,kaggle/Ravdess/audio_speech_actors_01-24/Actor_02\03-01-04-01-02-02-02.wav
sad,kaggle/Ravdess/audio_speech_actors_01-24/Actor_02\03-01-04-02-01-01-02.wav
sad,kaggle/Ravdess/audio_speech_actors_01-24/Actor_02\03-01-04-02-01-02-02.wav
sad,kaggle/Ravdess/audio_speech_actors_01-24/Actor_02\03-01-04-02-02-01-02.wav
sad,kaggle/Ravdess/audio_speech_actors_01-24/Actor_02\03-01-04-02-02-02-02.wav
angry,kaggle/Ravdess/audio_speech_actors_01-24/Actor_02\03-01-05-01-01-01-02.wav
angry,kaggle/Ravdess/audio_speech_actors_01-24/Actor_02\03-01-05-01-01-02-02.wav
angry,kaggle/Ravdess/audio_speech_actors_01-24/Actor_02\03-01-05-01-02-01-02.wav
angry,kaggle/Ravdess/audio_speech_actors_01-24/Actor_02\03-01-05-01-02-02-02.wav
angry,kaggle/Ravdess/audio_speech_actors_01-24/Actor_02\03-01-05-02-01-01-02.wav
angry,kaggle/Ravdess/audio_speech_actors_01-24/Actor_02\03-01-05-02-01-02-02.wav
angry,kaggle/Ravdess/audio_speech_actors_01-24/Actor_02\03-01-05-02-02-01-02.wav
angry,kaggle/Ravdess/audio_speech_actors_01-24/Actor_02\03-01-05-02-02-02-02.wav
fearful,kaggle/Ravdess/audio_speech_actors_01-24/Actor_02\03-01-06-01-01-01-02.wav
fearful,kaggle/Ravdess/audio_speech_actors_01-24/Actor_02\03-01-06-01-01-02-02.wav
fearful,kaggle/Ravdess/audio_speech_actors_01-24/Actor_02\03-01-06-01-02-01-02.wav
fearful,kaggle/Ravdess/audio_speech_actors_01-24/Actor_02\03-01-06-01-02-02-02.wav
fearful,kaggle/Ravdess/audio_speech_actors_01-24/Actor_02\03-01-06-02-01-01-02.wav
fearful,kaggle/Ravdess/audio_speech_actors_01-24/Actor_02\03-01-06-02-01-02-02.wav
fearful,kaggle/Ravdess/audio_speech_actors_01-24/Actor_02\03-01-06-02-02-01-02.wav
fearful,kaggle/Ravdess/audio_speech_actors_01-24/Actor_02\03-01-06-02-02-02-02.wav
disgust,kaggle/Ravdess/audio_speech_actors_01-24/Actor_02\03-01-07-01-01-01-02.wav
disgust,kaggle/Ravdess/audio_speech_actors_01-24/Actor_02\03-01-07-01-01-02-02.wav
disgust,kaggle/Ravdess/audio_speech_actors_01-24/Actor_02\03-01-07-01-02-01-02.wav
disgust,kaggle/Ravdess/audio_speech_actors_01-24/Actor_02\03-01-07-01-02-02-02.wav
disgust,kaggle/Ravdess/audio_speech_actors_01-24/Actor_02\03-01-07-02-01-01-02.wav
disgust,kaggle/Ravdess/audio_speech_actors_01-24/Actor_02\03-01-07-02-01-02-02.wav
disgust,kaggle/Ravdess/audio_speech_actors_01-24/Actor_02\03-01-07-02-02-01-02.wav
disgust,kaggle/Ravdess/audio_speech_actors_01-24/Actor_02\03-01-07-02-02-02-02.wav
surprise,kaggle/Ravdess/audio_speech_actors_01-24/Actor_02\03-01-08-01-01-01-02.wav
surprise,kaggle/Ravdess/audio_speech_actors_01-24/Actor_02\03-01-08-01-01-02-02.wav
surprise,kaggle/Ravdess/audio_speech_actors_01-24/Actor_02\03-01-08-01-02-01-02.wav
surprise,kaggle/Ravdess/audio_speech_actors_01-24/Actor_02\03-01-08-01-02-02-02.wav
surprise,kaggle/Ravdess/audio_speech_actors_01-24/Actor_02\03-01-08-02-01-01-02.wav
surprise,kaggle/Ravdess/audio_speech_actors_01-24/Actor_02\03-01-08-02-01-02-02.wav
surprise,kaggle/Ravdess/audio_speech_actors_01-24/Actor_02\03-01-08-02-02-01-02.wav
surprise,kaggle/Ravdess/audio_speech_actors_01-24/Actor_02\03-01-08-02-02-02-02.wav
neutral,kaggle/Ravdess/audio_speech_actors_01-24/Actor_03\03-01-01-01-01-01-03.wav
neutral,kaggle/Ravdess/audio_speech_actors_01-24/Actor_03\03-01-01-01-01-02-03.wav
neutral,kaggle/Ravdess/audio_speech_actors_01-24/Actor_03\03-01-01-01-02-01-03.wav
neutral,kaggle/Ravdess/audio_speech_actors_01-24/Actor_03\03-01-01-01-02-02-03.wav
calm,kaggle/Ravdess/audio_speech_actors_01-24/Actor_03\03-01-02-01-01-01-03.wav
calm,kaggle/Ravdess/audio_speech_actors_01-24/Actor_03\03-01-02-01-01-02-03.wav
calm,kaggle/Ravdess/audio_speech_actors_01-24/Actor_03\03-01-02-01-02-01-03.wav
calm,kaggle/Ravdess/audio_speech_actors_01-24/Actor_03\03-01-02-01-02-02-03.wav
calm,kaggle/Ravdess/audio_speech_actors_01-24/Actor_03\03-01-02-02-01-01-03.wav
calm,kaggle/Ravdess/audio_speech_actors_01-24/Actor_03\03-01-02-02-01-02-03.wav
calm,kaggle/Ravdess/audio_speech_actors_01-24/Actor_03\03-01-02-02-02-01-03.wav
calm,kaggle/Ravdess/audio_speech_actors_01-24/Actor_03\03-01-02-02-02-02-03.wav
happy,kaggle/Ravdess/audio_speech_actors_01-24/Actor_03\03-01-03-01-01-01-03.wav
happy,kaggle/Ravdess/audio_speech_actors_01-24/Actor_03\03-01-03-01-01-02-03.wav
happy,kaggle/Ravdess/audio_speech_actors_01-24/Actor_03\03-01-03-01-02-01-03.wav
happy,kaggle/Ravdess/audio_speech_actors_01-24/Actor_03\03-01-03-01-02-02-03.wav
happy,kaggle/Ravdess/audio_speech_actors_01-24/Actor_03\03-01-03-02-01-01-03.wav
happy,kaggle/Ravdess/audio_speech_actors_01-24/Actor_03\03-01-03-02-01-02-03.wav
happy,kaggle/Ravdess/audio_speech_actors_01-24/Actor_03\03-01-03-02-02-01-03.wav
happy,kaggle/Ravdess/audio_speech_actors_01-24/Actor_03\03-01-03-02-02-02-03.wav
sad,kaggle/Ravdess/audio_speech_actors_01-24/Actor_03\03-01-04-01-01-01-03.wav
sad,kaggle/Ravdess/audio_speech_actors_01-24/Actor_03\03-01-04-01-01-02-03.wav
sad,kaggle/Ravdess/audio_speech_actors_01-24/Actor_03\03-01-04-01-02-01-03.wav
sad,kaggle/Ravdess/audio_speech_actors_01-24/Actor_03\03-01-04-01-02-02-03.wav
sad,kaggle/Ravdess/audio_speech_actors_01-24/Actor_03\03-01-04-02-01-01-03.wav
sad,kaggle/Ravdess/audio_speech_actors_01-24/Actor_03\03-01-04-02-01-02-03.wav
sad,kaggle/Ravdess/audio_speech_actors_01-24/Actor_03\03-01-04-02-02-01-03.wav
sad,kaggle/Ravdess/audio_speech_actors_01-24/Actor_03\03-01-04-02-02-02-03.wav
angry,kaggle/Ravdess/audio_speech_actors_01-24/Actor_03\03-01-05-01-01-01-03.wav
angry,kaggle/Ravdess/audio_speech_actors_01-24/Actor_03\03-01-05-01-01-02-03.wav
angry,kaggle/Ravdess/audio_speech_actors_01-24/Actor_03\03-01-05-01-02-01-03.wav
angry,kaggle/Ravdess/audio_speech_actors_01-24/Actor_03\03-01-05-01-02-02-03.wav
angry,kaggle/Ravdess/audio_speech_actors_01-24/Actor_03\03-01-05-02-01-01-03.wav
angry,kaggle/Ravdess/audio_speech_actors_01-24/Actor_03\03-01-05-02-01-02-03.wav
angry,kaggle/Ravdess/audio_speech_actors_01-24/Actor_03\03-01-05-02-02-01-03.wav
angry,kaggle/Ravdess/audio_speech_actors_01-24/Actor_03\03-01-05-02-02-02-03.wav
fearful,kaggle/Ravdess/audio_speech_actors_01-24/Actor_03\03-01-06-01-01-01-03.wav
fearful,kaggle/Ravdess/audio_speech_actors_01-24/Actor_03\03-01-06-01-01-02-03.wav
fearful,kaggle/Ravdess/audio_speech_actors_01-24/Actor_03\03-01-06-01-02-01-03.wav
fearful,kaggle/Ravdess/audio_speech_actors_01-24/Actor_03\03-01-06-01-02-02-03.wav
fearful,kaggle/Ravdess/audio_speech_actors_01-24/Actor_03\03-01-06-02-01-01-03.wav
fearful,kaggle/Ravdess/audio_speech_actors_01-24/Actor_03\03-01-06-02-01-02-03.wav
fearful,kaggle/Ravdess/audio_speech_actors_01-24/Actor_03\03-01-06-02-02-01-03.wav
fearful,kaggle/Ravdess/audio_speech_actors_01-24/Actor_03\03-01-06-02-02-02-03.wav
disgust,kaggle/Ravdess/audio_speech_actors_01-24/Actor_03\03-01-07-01-01-01-03.wav
disgust,kaggle/Ravdess/audio_speech_actors_01-24/Actor_03\03-01-07-01-01-02-03.wav
disgust,kaggle/Ravdess/audio_speech_actors_01-24/Actor_03\03-01-07-01-02-01-03.wav
disgust,kaggle/Ravdess/audio_speech_actors_01-24/Actor_03\03-01-07-01-02-02-03.wav
disgust,kaggle/Ravdess/audio_speech_actors_01-24/Actor_03\03-01-07-02-01-01-03.wav
disgust,kaggle/Ravdess/audio_speech_actors_01-24/Actor_03\03-01-07-02-01-02-03.wav
disgust,kaggle/Ravdess/audio_speech_actors_01-24/Actor_03\03-01-07-02-02-01-03.wav
disgust,kaggle/Ravdess/audio_speech_actors_01-24/Actor_03\03-01-07-02-02-02-03.wav
surprise,kaggle/Ravdess/audio_speech_actors_01-24/Actor_03\03-01-08-01-01-01-03.wav
surprise,kaggle/Ravdess/audio_speech_actors_01-24/Actor_03\03-01-08-01-01-02-03.wav
surprise,kaggle/Ravdess/audio_speech_actors_01-24/Actor_03\03-01-08-01-02-01-03.wav
surprise,kaggle/Ravdess/audio_speech_actors_01-24/Actor_03\03-01-08-01-02-02-03.wav
surprise,kaggle/Ravdess/audio_speech_actors_01-24/Actor_03\03-01-08-02-01-01-03.wav
surprise,kaggle/Ravdess/audio_speech_actors_01-24/Actor_03\03-01-08-02-01-02-03.wav
surprise,kaggle/Ravdess/audio_speech_actors_01-24/Actor_03\03-01-08-02-02-01-03.wav
surprise,kaggle/Ravdess/audio_speech_actors_01-24/Actor_03\03-01-08-02-02-02-03.wav
neutral,kaggle/Ravdess/audio_speech_actors_01-24/Actor_04\03-01-01-01-01-01-04.wav
neutral,kaggle/Ravdess/audio_speech_actors_01-24/Actor_04\03-01-01-01-01-02-04.wav
neutral,kaggle/Ravdess/audio_speech_actors_01-24/Actor_04\03-01-01-01-02-01-04.wav
neutral,kaggle/Ravdess/audio_speech_actors_01-24/Actor_04\03-01-01-01-02-02-04.wav
calm,kaggle/Ravdess/audio_speech_actors_01-24/Actor_04\03-01-02-01-01-01-04.wav
calm,kaggle/Ravdess/audio_speech_actors_01-24/Actor_04\03-01-02-01-01-02-04.wav
calm,kaggle/Ravdess/audio_speech_actors_01-24/Actor_04\03-01-02-01-02-01-04.wav
calm,kaggle/Ravdess/audio_speech_actors_01-24/Actor_04\03-01-02-01-02-02-04.wav
calm,kaggle/Ravdess/audio_speech_actors_01-24/Actor_04\03-01-02-02-01-01-04.wav
calm,kaggle/Ravdess/audio_speech_actors_01-24/Actor_04\03-01-02-02-01-02-04.wav
calm,kaggle/Ravdess/audio_speech_actors_01-24/Actor_04\03-01-02-02-02-01-04.wav
calm,kaggle/Ravdess/audio_speech_actors_01-24/Actor_04\03-01-02-02-02-02-04.wav
happy,kaggle/Ravdess/audio_speech_actors_01-24/Actor_04\03-01-03-01-01-01-04.wav
happy,kaggle/Ravdess/audio_speech_actors_01-24/Actor_04\03-01-03-01-01-02-04.wav
happy,kaggle/Ravdess/audio_speech_actors_01-24/Actor_04\03-01-03-01-02-01-04.wav
happy,kaggle/Ravdess/audio_speech_actors_01-24/Actor_04\03-01-03-01-02-02-04.wav
happy,kaggle/Ravdess/audio_speech_actors_01-24/Actor_04\03-01-03-02-01-01-04.wav
happy,kaggle/Ravdess/audio_speech_actors_01-24/Actor_04\03-01-03-02-01-02-04.wav
happy,kaggle/Ravdess/audio_speech_actors_01-24/Actor_04\03-01-03-02-02-01-04.wav
happy,kaggle/Ravdess/audio_speech_actors_01-24/Actor_04\03-01-03-02-02-02-04.wav
sad,kaggle/Ravdess/audio_speech_actors_01-24/Actor_04\03-01-04-01-01-01-04.wav
sad,kaggle/Ravdess/audio_speech_actors_01-24/Actor_04\03-01-04-01-01-02-04.wav
sad,kaggle/Ravdess/audio_speech_actors_01-24/Actor_04\03-01-04-01-02-01-04.wav
sad,kaggle/Ravdess/audio_speech_actors_01-24/Actor_04\03-01-04-01-02-02-04.wav
sad,kaggle/Ravdess/audio_speech_actors_01-24/Actor_04\03-01-04-02-01-01-04.wav
sad,kaggle/Ravdess/audio_speech_actors_01-24/Actor_04\03-01-04-02-01-02-04.wav
sad,kaggle/Ravdess/audio_speech_actors_01-24/Actor_04\03-01-04-02-02-01-04.wav
sad,kaggle/Ravdess/audio_speech_actors_01-24/Actor_04\03-01-04-02-02-02-04.wav
angry,kaggle/Ravdess/audio_speech_actors_01-24/Actor_04\03-01-05-01-01-01-04.wav
angry,kaggle/Ravdess/audio_speech_actors_01-24/Actor_04\03-01-05-01-01-02-04.wav
angry,kaggle/Ravdess/audio_speech_actors_01-24/Actor_04\03-01-05-01-02-01-04.wav
angry,kaggle/Ravdess/audio_speech_actors_01-24/Actor_04\03-01-05-01-02-02-04.wav
angry,kaggle/Ravdess/audio_speech_actors_01-24/Actor_04\03-01-05-02-01-01-04.wav
angry,kaggle/Ravdess/audio_speech_actors_01-24/Actor_04\03-01-05-02-01-02-04.wav
angry,kaggle/Ravdess/audio_speech_actors_01-24/Actor_04\03-01-05-02-02-01-04.wav
angry,kaggle/Ravdess/audio_speech_actors_01-24/Actor_04\03-01-05-02-02-02-04.wav
fearful,kaggle/Ravdess/audio_speech_actors_01-24/Actor_04\03-01-06-01-01-01-04.wav
fearful,kaggle/Ravdess/audio_speech_actors_01-24/Actor_04\03-01-06-01-01-02-04.wav
fearful,kaggle/Ravdess/audio_speech_actors_01-24/Actor_04\03-01-06-01-02-01-04.wav
fearful,kaggle/Ravdess/audio_speech_actors_01-24/Actor_04\03-01-06-01-02-02-04.wav
fearful,kaggle/Ravdess/audio_speech_actors_01-24/Actor_04\03-01-06-02-01-01-04.wav
fearful,kaggle/Ravdess/audio_speech_actors_01-24/Actor_04\03-01-06-02-01-02-04.wav
fearful,kaggle/Ravdess/audio_speech_actors_01-24/Actor_04\03-01-06-02-02-01-04.wav
fearful,kaggle/Ravdess/audio_speech_actors_01-24/Actor_04\03-01-06-02-02-02-04.wav
disgust,kaggle/Ravdess/audio_speech_actors_01-24/Actor_04\03-01-07-01-01-01-04.wav
disgust,kaggle/Ravdess/audio_speech_actors_01-24/Actor_04\03-01-07-01-01-02-04.wav
disgust,kaggle/Ravdess/audio_speech_actors_01-24/Actor_04\03-01-07-01-02-01-04.wav
disgust,kaggle/Ravdess/audio_speech_actors_01-24/Actor_04\03-01-07-01-02-02-04.wav
disgust,kaggle/Ravdess/audio_speech_actors_01-24/Actor_04\03-01-07-02-01-01-04.wav
disgust,kaggle/Ravdess/audio_speech_actors_01-24/Actor_04\03-01-07-02-01-02-04.wav
disgust,kaggle/Ravdess/audio_speech_actors_01-24/Actor_04\03-01-07-02-02-01-04.wav
disgust,kaggle/Ravdess/audio_speech_actors_01-24/Actor_04\03-01-07-02-02-02-04.wav
surprise,kaggle/Ravdess/audio_speech_actors_01-24/Actor_04\03-01-08-01-01-01-04.wav
surprise,kaggle/Ravdess/audio_speech_actors_01-24/Actor_04\03-01-08-01-01-02-04.wav
surprise,kaggle/Ravdess/audio_speech_actors_01-24/Actor_04\03-01-08-01-02-01-04.wav
surprise,kaggle/Ravdess/audio_speech_actors_01-24/Actor_04\03-01-08-01-02-02-04.wav
surprise,kaggle/Ravdess/audio_speech_actors_01-24/Actor_04\03-01-08-02-01-01-04.wav
surprise,kaggle/Ravdess/audio_speech_actors_01-24/Actor_04\03-01-08-02-01-02-04.wav
surprise,kaggle/Ravdess/audio_speech_actors_01-24/Actor_04\03-01-08-02-02-01-04.wav
surprise,kaggle/Ravdess/audio_speech_actors_01-24/Actor_04\03-01-08-02-02-02-04.wav
neutral,kaggle/Ravdess/audio_speech_actors_01-24/Actor_05\03-01-01-01-01-01-05.wav
neutral,kaggle/Ravdess/audio_speech_actors_01-24/Actor_05\03-01-01-01-01-02-05.wav
neutral,kaggle/Ravdess/audio_speech_actors_01-24/Actor_05\03-01-01-01-02-01-05.wav
neutral,kaggle/Ravdess/audio_speech_actors_01-24/Actor_05\03-01-01-01-02-02-05.wav
calm,kaggle/Ravdess/audio_speech_actors_01-24/Actor_05\03-01-02-01-01-01-05.wav
calm,kaggle/Ravdess/audio_speech_actors_01-24/Actor_05\03-01-02-01-01-02-05.wav
calm,kaggle/Ravdess/audio_speech_actors_01-24/Actor_05\03-01-02-01-02-01-05.wav
calm,kaggle/Ravdess/audio_speech_actors_01-24/Actor_05\03-01-02-01-02-02-05.wav
calm,kaggle/Ravdess/audio_speech_actors_01-24/Actor_05\03-01-02-02-01-01-05.wav
calm,kaggle/Ravdess/audio_speech_actors_01-24/Actor_05\03-01-02-02-01-02-05.wav
calm,kaggle/Ravdess/audio_speech_actors_01-24/Actor_05\03-01-02-02-02-01-05.wav
calm,kaggle/Ravdess/audio_speech_actors_01-24/Actor_05\03-01-02-02-02-02-05.wav
happy,kaggle/Ravdess/audio_speech_actors_01-24/Actor_05\03-01-03-01-01-01-05.wav
happy,kaggle/Ravdess/audio_speech_actors_01-24/Actor_05\03-01-03-01-01-02-05.wav
happy,kaggle/Ravdess/audio_speech_actors_01-24/Actor_05\03-01-03-01-02-01-05.wav
happy,kaggle/Ravdess/audio_speech_actors_01-24/Actor_05\03-01-03-01-02-02-05.wav
happy,kaggle/Ravdess/audio_speech_actors_01-24/Actor_05\03-01-03-02-01-01-05.wav
happy,kaggle/Ravdess/audio_speech_actors_01-24/Actor_05\03-01-03-02-01-02-05.wav
happy,kaggle/Ravdess/audio_speech_actors_01-24/Actor_05\03-01-03-02-02-01-05.wav
happy,kaggle/Ravdess/audio_speech_actors_01-24/Actor_05\03-01-03-02-02-02-05.wav
sad,kaggle/Ravdess/audio_speech_actors_01-24/Actor_05\03-01-04-01-01-01-05.wav
sad,kaggle/Ravdess/audio_speech_actors_01-24/Actor_05\03-01-04-01-01-02-05.wav
sad,kaggle/Ravdess/audio_speech_actors_01-24/Actor_05\03-01-04-01-02-01-05.wav
sad,kaggle/Ravdess/audio_speech_actors_01-24/Actor_05\03-01-04-01-02-02-05.wav
sad,kaggle/Ravdess/audio_speech_actors_01-24/Actor_05\03-01-04-02-01-01-05.wav
sad,kaggle/Ravdess/audio_speech_actors_01-24/Actor_05\03-01-04-02-01-02-05.wav
sad,kaggle/Ravdess/audio_speech_actors_01-24/Actor_05\03-01-04-02-02-01-05.wav
sad,kaggle/Ravdess/audio_speech_actors_01-24/Actor_05\03-01-04-02-02-02-05.wav
angry,kaggle/Ravdess/audio_speech_actors_01-24/Actor_05\03-01-05-01-01-01-05.wav
angry,kaggle/Ravdess/audio_speech_actors_01-24/Actor_05\03-01-05-01-01-02-05.wav
angry,kaggle/Ravdess/audio_speech_actors_01-24/Actor_05\03-01-05-01-02-01-05.wav
angry,kaggle/Ravdess/audio_speech_actors_01-24/Actor_05\03-01-05-01-02-02-05.wav
angry,kaggle/Ravdess/audio_speech_actors_01-24/Actor_05\03-01-05-02-01-01-05.wav
angry,kaggle/Ravdess/audio_speech_actors_01-24/Actor_05\03-01-05-02-01-02-05.wav
angry,kaggle/Ravdess/audio_speech_actors_01-24/Actor_05\03-01-05-02-02-01-05.wav
angry,kaggle/Ravdess/audio_speech_actors_01-24/Actor_05\03-01-05-02-02-02-05.wav
fearful,kaggle/Ravdess/audio_speech_actors_01-24/Actor_05\03-01-06-01-01-01-05.wav
fearful,kaggle/Ravdess/audio_speech_actors_01-24/Actor_05\03-01-06-01-01-02-05.wav
fearful,kaggle/Ravdess/audio_speech_actors_01-24/Actor_05\03-01-06-01-02-01-05.wav
fearful,kaggle/Ravdess/audio_speech_actors_01-24/Actor_05\03-01-06-01-02-02-05.wav
fearful,kaggle/Ravdess/audio_speech_actors_01-24/Actor_05\03-01-06-02-01-01-05.wav
fearful,kaggle/Ravdess/audio_speech_actors_01-24/Actor_05\03-01-06-02-01-02-05.wav
fearful,kaggle/Ravdess/audio_speech_actors_01-24/Actor_05\03-01-06-02-02-01-05.wav
fearful,kaggle/Ravdess/audio_speech_actors_01-24/Actor_05\03-01-06-02-02-02-05.wav
disgust,kaggle/Ravdess/audio_speech_actors_01-24/Actor_05\03-01-07-01-01-01-05.wav
disgust,kaggle/Ravdess/audio_speech_actors_01-24/Actor_05\03-01-07-01-01-02-05.wav
disgust,kaggle/Ravdess/audio_speech_actors_01-24/Actor_05\03-01-07-01-02-01-05.wav
disgust,kaggle/Ravdess/audio_speech_actors_01-24/Actor_05\03-01-07-01-02-02-05.wav
disgust,kaggle/Ravdess/audio_speech_actors_01-24/Actor_05\03-01-07-02-01-01-05.wav
disgust,kaggle/Ravdess/audio_speech_actors_01-24/Actor_05\03-01-07-02-01-02-05.wav
disgust,kaggle/Ravdess/audio_speech_actors_01-24/Actor_05\03-01-07-02-02-01-05.wav
disgust,kaggle/Ravdess/audio_speech_actors_01-24/Actor_05\03-01-07-02-02-02-05.wav
surprise,kaggle/Ravdess/audio_speech_actors_01-24/Actor_05\03-01-08-01-01-01-05.wav
surprise,kaggle/Ravdess/audio_speech_actors_01-24/Actor_05\03-01-08-01-01-02-05.wav
surprise,kaggle/Ravdess/audio_speech_actors_01-24/Actor_05\03-01-08-01-02-01-05.wav
surprise,kaggle/Ravdess/audio_speech_actors_01-24/Actor_05\03-01-08-01-02-02-05.wav
surprise,kaggle/Ravdess/audio_speech_actors_01-24/Actor_05\03-01-08-02-01-01-05.wav
surprise,kaggle/Ravdess/audio_speech_actors_01-24/Actor_05\03-01-08-02-01-02-05.wav
surprise,kaggle/Ravdess/audio_speech_actors_01-24/Actor_05\03-01-08-02-02-01-05.wav
surprise,kaggle/Ravdess/audio_speech_actors_01-24/Actor_05\03-01-08-02-02-02-05.wav
neutral,kaggle/Ravdess/audio_speech_actors_01-24/Actor_06\03-01-01-01-01-01-06.wav
neutral,kaggle/Ravdess/audio_speech_actors_01-24/Actor_06\03-01-01-01-01-02-06.wav
neutral,kaggle/Ravdess/audio_speech_actors_01-24/Actor_06\03-01-01-01-02-01-06.wav
neutral,kaggle/Ravdess/audio_speech_actors_01-24/Actor_06\03-01-01-01-02-02-06.wav
calm,kaggle/Ravdess/audio_speech_actors_01-24/Actor_06\03-01-02-01-01-01-06.wav
calm,kaggle/Ravdess/audio_speech_actors_01-24/Actor_06\03-01-02-01-01-02-06.wav
calm,kaggle/Ravdess/audio_speech_actors_01-24/Actor_06\03-01-02-01-02-01-06.wav
calm,kaggle/Ravdess/audio_speech_actors_01-24/Actor_06\03-01-02-01-02-02-06.wav
calm,kaggle/Ravdess/audio_speech_actors_01-24/Actor_06\03-01-02-02-01-01-06.wav
calm,kaggle/Ravdess/audio_speech_actors_01-24/Actor_06\03-01-02-02-01-02-06.wav
calm,kaggle/Ravdess/audio_speech_actors_01-24/Actor_06\03-01-02-02-02-01-06.wav
calm,kaggle/Ravdess/audio_speech_actors_01-24/Actor_06\03-01-02-02-02-02-06.wav
happy,kaggle/Ravdess/audio_speech_actors_01-24/Actor_06\03-01-03-01-01-01-06.wav
happy,kaggle/Ravdess/audio_speech_actors_01-24/Actor_06\03-01-03-01-01-02-06.wav
happy,kaggle/Ravdess/audio_speech_actors_01-24/Actor_06\03-01-03-01-02-01-06.wav
happy,kaggle/Ravdess/audio_speech_actors_01-24/Actor_06\03-01-03-01-02-02-06.wav
happy,kaggle/Ravdess/audio_speech_actors_01-24/Actor_06\03-01-03-02-01-01-06.wav
happy,kaggle/Ravdess/audio_speech_actors_01-24/Actor_06\03-01-03-02-01-02-06.wav
happy,kaggle/Ravdess/audio_speech_actors_01-24/Actor_06\03-01-03-02-02-01-06.wav
happy,kaggle/Ravdess/audio_speech_actors_01-24/Actor_06\03-01-03-02-02-02-06.wav
sad,kaggle/Ravdess/audio_speech_actors_01-24/Actor_06\03-01-04-01-01-01-06.wav
sad,kaggle/Ravdess/audio_speech_actors_01-24/Actor_06\03-01-04-01-01-02-06.wav
sad,kaggle/Ravdess/audio_speech_actors_01-24/Actor_06\03-01-04-01-02-01-06.wav
sad,kaggle/Ravdess/audio_speech_actors_01-24/Actor_06\03-01-04-01-02-02-06.wav
sad,kaggle/Ravdess/audio_speech_actors_01-24/Actor_06\03-01-04-02-01-01-06.wav
sad,kaggle/Ravdess/audio_speech_actors_01-24/Actor_06\03-01-04-02-01-02-06.wav
sad,kaggle/Ravdess/audio_speech_actors_01-24/Actor_06\03-01-04-02-02-01-06.wav
sad,kaggle/Ravdess/audio_speech_actors_01-24/Actor_06\03-01-04-02-02-02-06.wav
angry,kaggle/Ravdess/audio_speech_actors_01-24/Actor_06\03-01-05-01-01-01-06.wav
angry,kaggle/Ravdess/audio_speech_actors_01-24/Actor_06\03-01-05-01-01-02-06.wav
angry,kaggle/Ravdess/audio_speech_actors_01-24/Actor_06\03-01-05-01-02-01-06.wav
angry,kaggle/Ravdess/audio_speech_actors_01-24/Actor_06\03-01-05-01-02-02-06.wav
angry,kaggle/Ravdess/audio_speech_actors_01-24/Actor_06\03-01-05-02-01-01-06.wav
angry,kaggle/Ravdess/audio_speech_actors_01-24/Actor_06\03-01-05-02-01-02-06.wav
angry,kaggle/Ravdess/audio_speech_actors_01-24/Actor_06\03-01-05-02-02-01-06.wav
angry,kaggle/Ravdess/audio_speech_actors_01-24/Actor_06\03-01-05-02-02-02-06.wav
fearful,kaggle/Ravdess/audio_speech_actors_01-24/Actor_06\03-01-06-01-01-01-06.wav
fearful,kaggle/Ravdess/audio_speech_actors_01-24/Actor_06\03-01-06-01-01-02-06.wav
fearful,kaggle/Ravdess/audio_speech_actors_01-24/Actor_06\03-01-06-01-02-01-06.wav
fearful,kaggle/Ravdess/audio_speech_actors_01-24/Actor_06\03-01-06-01-02-02-06.wav
fearful,kaggle/Ravdess/audio_speech_actors_01-24/Actor_06\03-01-06-02-01-01-06.wav
fearful,kaggle/Ravdess/audio_speech_actors_01-24/Actor_06\03-01-06-02-01-02-06.wav
fearful,kaggle/Ravdess/audio_speech_actors_01-24/Actor_06\03-01-06-02-02-01-06.wav
fearful,kaggle/Ravdess/audio_speech_actors_01-24/Actor_06\03-01-06-02-02-02-06.wav
disgust,kaggle/Ravdess/audio_speech_actors_01-24/Actor_06\03-01-07-01-01-01-06.wav
disgust,kaggle/Ravdess/audio_speech_actors_01-24/Actor_06\03-01-07-01-01-02-06.wav
disgust,kaggle/Ravdess/audio_speech_actors_01-24/Actor_06\03-01-07-01-02-01-06.wav
disgust,kaggle/Ravdess/audio_speech_actors_01-24/Actor_06\03-01-07-01-02-02-06.wav
disgust,kaggle/Ravdess/audio_speech_actors_01-24/Actor_06\03-01-07-02-01-01-06.wav
disgust,kaggle/Ravdess/audio_speech_actors_01-24/Actor_06\03-01-07-02-01-02-06.wav
disgust,kaggle/Ravdess/audio_speech_actors_01-24/Actor_06\03-01-07-02-02-01-06.wav
disgust,kaggle/Ravdess/audio_speech_actors_01-24/Actor_06\03-01-07-02-02-02-06.wav
surprise,kaggle/Ravdess/audio_speech_actors_01-24/Actor_06\03-01-08-01-01-01-06.wav
surprise,kaggle/Ravdess/audio_speech_actors_01-24/Actor_06\03-01-08-01-01-02-06.wav
surprise,kaggle/Ravdess/audio_speech_actors_01-24/Actor_06\03-01-08-01-02-01-06.wav
surprise,kaggle/Ravdess/audio_speech_actors_01-24/Actor_06\03-01-08-01-02-02-06.wav
surprise,kaggle/Ravdess/audio_speech_actors_01-24/Actor_06\03-01-08-02-01-01-06.wav
surprise,kaggle/Ravdess/audio_speech_actors_01-24/Actor_06\03-01-08-02-01-02-06.wav
surprise,kaggle/Ravdess/audio_speech_actors_01-24/Actor_06\03-01-08-02-02-01-06.wav
surprise,kaggle/Ravdess/audio_speech_actors_01-24/Actor_06\03-01-08-02-02-02-06.wav
neutral,kaggle/Ravdess/audio_speech_actors_01-24/Actor_07\03-01-01-01-01-01-07.wav
neutral,kaggle/Ravdess/audio_speech_actors_01-24/Actor_07\03-01-01-01-01-02-07.wav
neutral,kaggle/Ravdess/audio_speech_actors_01-24/Actor_07\03-01-01-01-02-01-07.wav
neutral,kaggle/Ravdess/audio_speech_actors_01-24/Actor_07\03-01-01-01-02-02-07.wav
calm,kaggle/Ravdess/audio_speech_actors_01-24/Actor_07\03-01-02-01-01-01-07.wav
calm,kaggle/Ravdess/audio_speech_actors_01-24/Actor_07\03-01-02-01-01-02-07.wav
calm,kaggle/Ravdess/audio_speech_actors_01-24/Actor_07\03-01-02-01-02-01-07.wav
calm,kaggle/Ravdess/audio_speech_actors_01-24/Actor_07\03-01-02-01-02-02-07.wav
calm,kaggle/Ravdess/audio_speech_actors_01-24/Actor_07\03-01-02-02-01-01-07.wav
calm,kaggle/Ravdess/audio_speech_actors_01-24/Actor_07\03-01-02-02-01-02-07.wav
calm,kaggle/Ravdess/audio_speech_actors_01-24/Actor_07\03-01-02-02-02-01-07.wav
calm,kaggle/Ravdess/audio_speech_actors_01-24/Actor_07\03-01-02-02-02-02-07.wav
happy,kaggle/Ravdess/audio_speech_actors_01-24/Actor_07\03-01-03-01-01-01-07.wav
happy,kaggle/Ravdess/audio_speech_actors_01-24/Actor_07\03-01-03-01-01-02-07.wav
happy,kaggle/Ravdess/audio_speech_actors_01-24/Actor_07\03-01-03-01-02-01-07.wav
happy,kaggle/Ravdess/audio_speech_actors_01-24/Actor_07\03-01-03-01-02-02-07.wav
happy,kaggle/Ravdess/audio_speech_actors_01-24/Actor_07\03-01-03-02-01-01-07.wav
happy,kaggle/Ravdess/audio_speech_actors_01-24/Actor_07\03-01-03-02-01-02-07.wav
happy,kaggle/Ravdess/audio_speech_actors_01-24/Actor_07\03-01-03-02-02-01-07.wav
happy,kaggle/Ravdess/audio_speech_actors_01-24/Actor_07\03-01-03-02-02-02-07.wav
sad,kaggle/Ravdess/audio_speech_actors_01-24/Actor_07\03-01-04-01-01-01-07.wav
sad,kaggle/Ravdess/audio_speech_actors_01-24/Actor_07\03-01-04-01-01-02-07.wav
sad,kaggle/Ravdess/audio_speech_actors_01-24/Actor_07\03-01-04-01-02-01-07.wav
sad,kaggle/Ravdess/audio_speech_actors_01-24/Actor_07\03-01-04-01-02-02-07.wav
sad,kaggle/Ravdess/audio_speech_actors_01-24/Actor_07\03-01-04-02-01-01-07.wav
sad,kaggle/Ravdess/audio_speech_actors_01-24/Actor_07\03-01-04-02-01-02-07.wav
sad,kaggle/Ravdess/audio_speech_actors_01-24/Actor_07\03-01-04-02-02-01-07.wav
sad,kaggle/Ravdess/audio_speech_actors_01-24/Actor_07\03-01-04-02-02-02-07.wav
angry,kaggle/Ravdess/audio_speech_actors_01-24/Actor_07\03-01-05-01-01-01-07.wav
angry,kaggle/Ravdess/audio_speech_actors_01-24/Actor_07\03-01-05-01-01-02-07.wav
angry,kaggle/Ravdess/audio_speech_actors_01-24/Actor_07\03-01-05-01-02-01-07.wav
angry,kaggle/Ravdess/audio_speech_actors_01-24/Actor_07\03-01-05-01-02-02-07.wav
angry,kaggle/Ravdess/audio_speech_actors_01-24/Actor_07\03-01-05-02-01-01-07.wav
angry,kaggle/Ravdess/audio_speech_actors_01-24/Actor_07\03-01-05-02-01-02-07.wav
angry,kaggle/Ravdess/audio_speech_actors_01-24/Actor_07\03-01-05-02-02-01-07.wav
angry,kaggle/Ravdess/audio_speech_actors_01-24/Actor_07\03-01-05-02-02-02-07.wav
fearful,kaggle/Ravdess/audio_speech_actors_01-24/Actor_07\03-01-06-01-01-01-07.wav
fearful,kaggle/Ravdess/audio_speech_actors_01-24/Actor_07\03-01-06-01-01-02-07.wav
fearful,kaggle/Ravdess/audio_speech_actors_01-24/Actor_07\03-01-06-01-02-01-07.wav
fearful,kaggle/Ravdess/audio_speech_actors_01-24/Actor_07\03-01-06-01-02-02-07.wav
fearful,kaggle/Ravdess/audio_speech_actors_01-24/Actor_07\03-01-06-02-01-01-07.wav
fearful,kaggle/Ravdess/audio_speech_actors_01-24/Actor_07\03-01-06-02-01-02-07.wav
fearful,kaggle/Ravdess/audio_speech_actors_01-24/Actor_07\03-01-06-02-02-01-07.wav
fearful,kaggle/Ravdess/audio_speech_actors_01-24/Actor_07\03-01-06-02-02-02-07.wav
disgust,kaggle/Ravdess/audio_speech_actors_01-24/Actor_07\03-01-07-01-01-01-07.wav
disgust,kaggle/Ravdess/audio_speech_actors_01-24/Actor_07\03-01-07-01-01-02-07.wav
disgust,kaggle/Ravdess/audio_speech_actors_01-24/Actor_07\03-01-07-01-02-01-07.wav
disgust,kaggle/Ravdess/audio_speech_actors_01-24/Actor_07\03-01-07-01-02-02-07.wav
disgust,kaggle/Ravdess/audio_speech_actors_01-24/Actor_07\03-01-07-02-01-01-07.wav
disgust,kaggle/Ravdess/audio_speech_actors_01-24/Actor_07\03-01-07-02-01-02-07.wav
disgust,kaggle/Ravdess/audio_speech_actors_01-24/Actor_07\03-01-07-02-02-01-07.wav
disgust,kaggle/Ravdess/audio_speech_actors_01-24/Actor_07\03-01-07-02-02-02-07.wav
surprise,kaggle/Ravdess/audio_speech_actors_01-24/Actor_07\03-01-08-01-01-01-07.wav
surprise,kaggle/Ravdess/audio_speech_actors_01-24/Actor_07\03-01-08-01-01-02-07.wav
surprise,kaggle/Ravdess/audio_speech_actors_01-24/Actor_07\03-01-08-01-02-01-07.wav
surprise,kaggle/Ravdess/audio_speech_actors_01-24/Actor_07\03-01-08-01-02-02-07.wav
surprise,kaggle/Ravdess/audio_speech_actors_01-24/Actor_07\03-01-08-02-01-01-07.wav
surprise,kaggle/Ravdess/audio_speech_actors_01-24/Actor_07\03-01-08-02-01-02-07.wav
surprise,kaggle/Ravdess/audio_speech_actors_01-24/Actor_07\03-01-08-02-02-01-07.wav
surprise,kaggle/Ravdess/audio_speech_actors_01-24/Actor_07\03-01-08-02-02-02-07.wav
neutral,kaggle/Ravdess/audio_speech_actors_01-24/Actor_08\03-01-01-01-01-01-08.wav
neutral,kaggle/Ravdess/audio_speech_actors_01-24/Actor_08\03-01-01-01-01-02-08.wav
neutral,kaggle/Ravdess/audio_speech_actors_01-24/Actor_08\03-01-01-01-02-01-08.wav
neutral,kaggle/Ravdess/audio_speech_actors_01-24/Actor_08\03-01-01-01-02-02-08.wav
calm,kaggle/Ravdess/audio_speech_actors_01-24/Actor_08\03-01-02-01-01-01-08.wav
calm,kaggle/Ravdess/audio_speech_actors_01-24/Actor_08\03-01-02-01-01-02-08.wav
calm,kaggle/Ravdess/audio_speech_actors_01-24/Actor_08\03-01-02-01-02-01-08.wav
calm,kaggle/Ravdess/audio_speech_actors_01-24/Actor_08\03-01-02-01-02-02-08.wav
calm,kaggle/Ravdess/audio_speech_actors_01-24/Actor_08\03-01-02-02-01-01-08.wav
calm,kaggle/Ravdess/audio_speech_actors_01-24/Actor_08\03-01-02-02-01-02-08.wav
calm,kaggle/Ravdess/audio_speech_actors_01-24/Actor_08\03-01-02-02-02-01-08.wav
calm,kaggle/Ravdess/audio_speech_actors_01-24/Actor_08\03-01-02-02-02-02-08.wav
happy,kaggle/Ravdess/audio_speech_actors_01-24/Actor_08\03-01-03-01-01-01-08.wav
happy,kaggle/Ravdess/audio_speech_actors_01-24/Actor_08\03-01-03-01-01-02-08.wav
happy,kaggle/Ravdess/audio_speech_actors_01-24/Actor_08\03-01-03-01-02-01-08.wav
happy,kaggle/Ravdess/audio_speech_actors_01-24/Actor_08\03-01-03-01-02-02-08.wav
happy,kaggle/Ravdess/audio_speech_actors_01-24/Actor_08\03-01-03-02-01-01-08.wav
happy,kaggle/Ravdess/audio_speech_actors_01-24/Actor_08\03-01-03-02-01-02-08.wav
happy,kaggle/Ravdess/audio_speech_actors_01-24/Actor_08\03-01-03-02-02-01-08.wav
happy,kaggle/Ravdess/audio_speech_actors_01-24/Actor_08\03-01-03-02-02-02-08.wav
sad,kaggle/Ravdess/audio_speech_actors_01-24/Actor_08\03-01-04-01-01-01-08.wav
sad,kaggle/Ravdess/audio_speech_actors_01-24/Actor_08\03-01-04-01-01-02-08.wav
sad,kaggle/Ravdess/audio_speech_actors_01-24/Actor_08\03-01-04-01-02-01-08.wav
sad,kaggle/Ravdess/audio_speech_actors_01-24/Actor_08\03-01-04-01-02-02-08.wav
sad,kaggle/Ravdess/audio_speech_actors_01-24/Actor_08\03-01-04-02-01-01-08.wav
sad,kaggle/Ravdess/audio_speech_actors_01-24/Actor_08\03-01-04-02-01-02-08.wav
sad,kaggle/Ravdess/audio_speech_actors_01-24/Actor_08\03-01-04-02-02-01-08.wav
sad,kaggle/Ravdess/audio_speech_actors_01-24/Actor_08\03-01-04-02-02-02-08.wav
angry,kaggle/Ravdess/audio_speech_actors_01-24/Actor_08\03-01-05-01-01-01-08.wav
angry,kaggle/Ravdess/audio_speech_actors_01-24/Actor_08\03-01-05-01-01-02-08.wav
angry,kaggle/Ravdess/audio_speech_actors_01-24/Actor_08\03-01-05-01-02-01-08.wav
angry,kaggle/Ravdess/audio_speech_actors_01-24/Actor_08\03-01-05-01-02-02-08.wav
angry,kaggle/Ravdess/audio_speech_actors_01-24/Actor_08\03-01-05-02-01-01-08.wav
angry,kaggle/Ravdess/audio_speech_actors_01-24/Actor_08\03-01-05-02-01-02-08.wav
angry,kaggle/Ravdess/audio_speech_actors_01-24/Actor_08\03-01-05-02-02-01-08.wav
angry,kaggle/Ravdess/audio_speech_actors_01-24/Actor_08\03-01-05-02-02-02-08.wav
fearful,kaggle/Ravdess/audio_speech_actors_01-24/Actor_08\03-01-06-01-01-01-08.wav
fearful,kaggle/Ravdess/audio_speech_actors_01-24/Actor_08\03-01-06-01-01-02-08.wav
fearful,kaggle/Ravdess/audio_speech_actors_01-24/Actor_08\03-01-06-01-02-01-08.wav
fearful,kaggle/Ravdess/audio_speech_actors_01-24/Actor_08\03-01-06-01-02-02-08.wav
fearful,kaggle/Ravdess/audio_speech_actors_01-24/Actor_08\03-01-06-02-01-01-08.wav
fearful,kaggle/Ravdess/audio_speech_actors_01-24/Actor_08\03-01-06-02-01-02-08.wav
fearful,kaggle/Ravdess/audio_speech_actors_01-24/Actor_08\03-01-06-02-02-01-08.wav
fearful,kaggle/Ravdess/audio_speech_actors_01-24/Actor_08\03-01-06-02-02-02-08.wav
disgust,kaggle/Ravdess/audio_speech_actors_01-24/Actor_08\03-01-07-01-01-01-08.wav
disgust,kaggle/Ravdess/audio_speech_actors_01-24/Actor_08\03-01-07-01-01-02-08.wav
disgust,kaggle/Ravdess/audio_speech_actors_01-24/Actor_08\03-01-07-01-02-01-08.wav
disgust,kaggle/Ravdess/audio_speech_actors_01-24/Actor_08\03-01-07-01-02-02-08.wav
disgust,kaggle/Ravdess/audio_speech_actors_01-24/Actor_08\03-01-07-02-01-01-08.wav
disgust,kaggle/Ravdess/audio_speech_actors_01-24/Actor_08\03-01-07-02-01-02-08.wav
disgust,kaggle/Ravdess/audio_speech_actors_01-24/Actor_08\03-01-07-02-02-01-08.wav
disgust,kaggle/Ravdess/audio_speech_actors_01-24/Actor_08\03-01-07-02-02-02-08.wav
surprise,kaggle/Ravdess/audio_speech_actors_01-24/Actor_08\03-01-08-01-01-01-08.wav
surprise,kaggle/Ravdess/audio_speech_actors_01-24/Actor_08\03-01-08-01-01-02-08.wav
surprise,kaggle/Ravdess/audio_speech_actors_01-24/Actor_08\03-01-08-01-02-01-08.wav
surprise,kaggle/Ravdess/audio_speech_actors_01-24/Actor_08\03-01-08-01-02-02-08.wav
surprise,kaggle/Ravdess/audio_speech_actors_01-24/Actor_08\03-01-08-02-01-01-08.wav
surprise,kaggle/Ravdess/audio_speech_actors_01-24/Actor_08\03-01-08-02-01-02-08.wav
surprise,kaggle/Ravdess/audio_speech_actors_01-24/Actor_08\03-01-08-02-02-01-08.wav
surprise,kaggle/Ravdess/audio_speech_actors_01-24/Actor_08\03-01-08-02-02-02-08.wav
neutral,kaggle/Ravdess/audio_speech_actors_01-24/Actor_09\03-01-01-01-01-01-09.wav
neutral,kaggle/Ravdess/audio_speech_actors_01-24/Actor_09\03-01-01-01-01-02-09.wav
neutral,kaggle/Ravdess/audio_speech_actors_01-24/Actor_09\03-01-01-01-02-01-09.wav
neutral,kaggle/Ravdess/audio_speech_actors_01-24/Actor_09\03-01-01-01-02-02-09.wav
calm,kaggle/Ravdess/audio_speech_actors_01-24/Actor_09\03-01-02-01-01-01-09.wav
calm,kaggle/Ravdess/audio_speech_actors_01-24/Actor_09\03-01-02-01-01-02-09.wav
calm,kaggle/Ravdess/audio_speech_actors_01-24/Actor_09\03-01-02-01-02-01-09.wav
calm,kaggle/Ravdess/audio_speech_actors_01-24/Actor_09\03-01-02-01-02-02-09.wav
calm,kaggle/Ravdess/audio_speech_actors_01-24/Actor_09\03-01-02-02-01-01-09.wav
calm,kaggle/Ravdess/audio_speech_actors_01-24/Actor_09\03-01-02-02-01-02-09.wav
calm,kaggle/Ravdess/audio_speech_actors_01-24/Actor_09\03-01-02-02-02-01-09.wav
calm,kaggle/Ravdess/audio_speech_actors_01-24/Actor_09\03-01-02-02-02-02-09.wav
happy,kaggle/Ravdess/audio_speech_actors_01-24/Actor_09\03-01-03-01-01-01-09.wav
happy,kaggle/Ravdess/audio_speech_actors_01-24/Actor_09\03-01-03-01-01-02-09.wav
happy,kaggle/Ravdess/audio_speech_actors_01-24/Actor_09\03-01-03-01-02-01-09.wav
happy,kaggle/Ravdess/audio_speech_actors_01-24/Actor_09\03-01-03-01-02-02-09.wav
happy,kaggle/Ravdess/audio_speech_actors_01-24/Actor_09\03-01-03-02-01-01-09.wav
happy,kaggle/Ravdess/audio_speech_actors_01-24/Actor_09\03-01-03-02-01-02-09.wav
happy,kaggle/Ravdess/audio_speech_actors_01-24/Actor_09\03-01-03-02-02-01-09.wav
happy,kaggle/Ravdess/audio_speech_actors_01-24/Actor_09\03-01-03-02-02-02-09.wav
sad,kaggle/Ravdess/audio_speech_actors_01-24/Actor_09\03-01-04-01-01-01-09.wav
sad,kaggle/Ravdess/audio_speech_actors_01-24/Actor_09\03-01-04-01-01-02-09.wav
sad,kaggle/Ravdess/audio_speech_actors_01-24/Actor_09\03-01-04-01-02-01-09.wav
sad,kaggle/Ravdess/audio_speech_actors_01-24/Actor_09\03-01-04-01-02-02-09.wav
sad,kaggle/Ravdess/audio_speech_actors_01-24/Actor_09\03-01-04-02-01-01-09.wav
sad,kaggle/Ravdess/audio_speech_actors_01-24/Actor_09\03-01-04-02-01-02-09.wav
sad,kaggle/Ravdess/audio_speech_actors_01-24/Actor_09\03-01-04-02-02-01-09.wav
sad,kaggle/Ravdess/audio_speech_actors_01-24/Actor_09\03-01-04-02-02-02-09.wav
angry,kaggle/Ravdess/audio_speech_actors_01-24/Actor_09\03-01-05-01-01-01-09.wav
angry,kaggle/Ravdess/audio_speech_actors_01-24/Actor_09\03-01-05-01-01-02-09.wav
angry,kaggle/Ravdess/audio_speech_actors_01-24/Actor_09\03-01-05-01-02-01-09.wav
angry,kaggle/Ravdess/audio_speech_actors_01-24/Actor_09\03-01-05-01-02-02-09.wav
angry,kaggle/Ravdess/audio_speech_actors_01-24/Actor_09\03-01-05-02-01-01-09.wav
angry,kaggle/Ravdess/audio_speech_actors_01-24/Actor_09\03-01-05-02-01-02-09.wav
angry,kaggle/Ravdess/audio_speech_actors_01-24/Actor_09\03-01-05-02-02-01-09.wav
angry,kaggle/Ravdess/audio_speech_actors_01-24/Actor_09\03-01-05-02-02-02-09.wav
fearful,kaggle/Ravdess/audio_speech_actors_01-24/Actor_09\03-01-06-01-01-01-09.wav
fearful,kaggle/Ravdess/audio_speech_actors_01-24/Actor_09\03-01-06-01-01-02-09.wav
fearful,kaggle/Ravdess/audio_speech_actors_01-24/Actor_09\03-01-06-01-02-01-09.wav
fearful,kaggle/Ravdess/audio_speech_actors_01-24/Actor_09\03-01-06-01-02-02-09.wav
fearful,kaggle/Ravdess/audio_speech_actors_01-24/Actor_09\03-01-06-02-01-01-09.wav
fearful,kaggle/Ravdess/audio_speech_actors_01-24/Actor_09\03-01-06-02-01-02-09.wav
fearful,kaggle/Ravdess/audio_speech_actors_01-24/Actor_09\03-01-06-02-02-01-09.wav
fearful,kaggle/Ravdess/audio_speech_actors_01-24/Actor_09\03-01-06-02-02-02-09.wav
disgust,kaggle/Ravdess/audio_speech_actors_01-24/Actor_09\03-01-07-01-01-01-09.wav
disgust,kaggle/Ravdess/audio_speech_actors_01-24/Actor_09\03-01-07-01-01-02-09.wav
disgust,kaggle/Ravdess/audio_speech_actors_01-24/Actor_09\03-01-07-01-02-01-09.wav
disgust,kaggle/Ravdess/audio_speech_actors_01-24/Actor_09\03-01-07-01-02-02-09.wav
disgust,kaggle/Ravdess/audio_speech_actors_01-24/Actor_09\03-01-07-02-01-01-09.wav
disgust,kaggle/Ravdess/audio_speech_actors_01-24/Actor_09\03-01-07-02-01-02-09.wav
disgust,kaggle/Ravdess/audio_speech_actors_01-24/Actor_09\03-01-07-02-02-01-09.wav
disgust,kaggle/Ravdess/audio_speech_actors_01-24/Actor_09\03-01-07-02-02-02-09.wav
surprise,kaggle/Ravdess/audio_speech_actors_01-24/Actor_09\03-01-08-01-01-01-09.wav
surprise,kaggle/Ravdess/audio_speech_actors_01-24/Actor_09\03-01-08-01-01-02-09.wav
surprise,kaggle/Ravdess/audio_speech_actors_01-24/Actor_09\03-01-08-01-02-01-09.wav
surprise,kaggle/Ravdess/audio_speech_actors_01-24/Actor_09\03-01-08-01-02-02-09.wav
surprise,kaggle/Ravdess/audio_speech_actors_01-24/Actor_09\03-01-08-02-01-01-09.wav
surprise,kaggle/Ravdess/audio_speech_actors_01-24/Actor_09\03-01-08-02-01-02-09.wav
surprise,kaggle/Ravdess/audio_speech_actors_01-24/Actor_09\03-01-08-02-02-01-09.wav
surprise,kaggle/Ravdess/audio_speech_actors_01-24/Actor_09\03-01-08-02-02-02-09.wav
neutral,kaggle/Ravdess/audio_speech_actors_01-24/Actor_10\03-01-01-01-01-01-10.wav
neutral,kaggle/Ravdess/audio_speech_actors_01-24/Actor_10\03-01-01-01-01-02-10.wav
neutral,kaggle/Ravdess/audio_speech_actors_01-24/Actor_10\03-01-01-01-02-01-10.wav
neutral,kaggle/Ravdess/audio_speech_actors_01-24/Actor_10\03-01-01-01-02-02-10.wav
calm,kaggle/Ravdess/audio_speech_actors_01-24/Actor_10\03-01-02-01-01-01-10.wav
calm,kaggle/Ravdess/audio_speech_actors_01-24/Actor_10\03-01-02-01-01-02-10.wav
calm,kaggle/Ravdess/audio_speech_actors_01-24/Actor_10\03-01-02-01-02-01-10.wav
calm,kaggle/Ravdess/audio_speech_actors_01-24/Actor_10\03-01-02-01-02-02-10.wav
calm,kaggle/Ravdess/audio_speech_actors_01-24/Actor_10\03-01-02-02-01-01-10.wav
calm,kaggle/Ravdess/audio_speech_actors_01-24/Actor_10\03-01-02-02-01-02-10.wav
calm,kaggle/Ravdess/audio_speech_actors_01-24/Actor_10\03-01-02-02-02-01-10.wav
calm,kaggle/Ravdess/audio_speech_actors_01-24/Actor_10\03-01-02-02-02-02-10.wav
happy,kaggle/Ravdess/audio_speech_actors_01-24/Actor_10\03-01-03-01-01-01-10.wav
happy,kaggle/Ravdess/audio_speech_actors_01-24/Actor_10\03-01-03-01-01-02-10.wav
happy,kaggle/Ravdess/audio_speech_actors_01-24/Actor_10\03-01-03-01-02-01-10.wav
happy,kaggle/Ravdess/audio_speech_actors_01-24/Actor_10\03-01-03-01-02-02-10.wav
happy,kaggle/Ravdess/audio_speech_actors_01-24/Actor_10\03-01-03-02-01-01-10.wav
happy,kaggle/Ravdess/audio_speech_actors_01-24/Actor_10\03-01-03-02-01-02-10.wav
happy,kaggle/Ravdess/audio_speech_actors_01-24/Actor_10\03-01-03-02-02-01-10.wav
happy,kaggle/Ravdess/audio_speech_actors_01-24/Actor_10\03-01-03-02-02-02-10.wav
sad,kaggle/Ravdess/audio_speech_actors_01-24/Actor_10\03-01-04-01-01-01-10.wav
sad,kaggle/Ravdess/audio_speech_actors_01-24/Actor_10\03-01-04-01-01-02-10.wav
sad,kaggle/Ravdess/audio_speech_actors_01-24/Actor_10\03-01-04-01-02-01-10.wav
sad,kaggle/Ravdess/audio_speech_actors_01-24/Actor_10\03-01-04-01-02-02-10.wav
sad,kaggle/Ravdess/audio_speech_actors_01-24/Actor_10\03-01-04-02-01-01-10.wav
sad,kaggle/Ravdess/audio_speech_actors_01-24/Actor_10\03-01-04-02-01-02-10.wav
sad,kaggle/Ravdess/audio_speech_actors_01-24/Actor_10\03-01-04-02-02-01-10.wav
sad,kaggle/Ravdess/audio_speech_actors_01-24/Actor_10\03-01-04-02-02-02-10.wav
angry,kaggle/Ravdess/audio_speech_actors_01-24/Actor_10\03-01-05-01-01-01-10.wav
angry,kaggle/Ravdess/audio_speech_actors_01-24/Actor_10\03-01-05-01-01-02-10.wav
angry,kaggle/Ravdess/audio_speech_actors_01-24/Actor_10\03-01-05-01-02-01-10.wav
angry,kaggle/Ravdess/audio_speech_actors_01-24/Actor_10\03-01-05-01-02-02-10.wav
angry,kaggle/Ravdess/audio_speech_actors_01-24/Actor_10\03-01-05-02-01-01-10.wav
angry,kaggle/Ravdess/audio_speech_actors_01-24/Actor_10\03-01-05-02-01-02-10.wav
angry,kaggle/Ravdess/audio_speech_actors_01-24/Actor_10\03-01-05-02-02-01-10.wav
angry,kaggle/Ravdess/audio_speech_actors_01-24/Actor_10\03-01-05-02-02-02-10.wav
fearful,kaggle/Ravdess/audio_speech_actors_01-24/Actor_10\03-01-06-01-01-01-10.wav
fearful,kaggle/Ravdess/audio_speech_actors_01-24/Actor_10\03-01-06-01-01-02-10.wav
fearful,kaggle/Ravdess/audio_speech_actors_01-24/Actor_10\03-01-06-01-02-01-10.wav
fearful,kaggle/Ravdess/audio_speech_actors_01-24/Actor_10\03-01-06-01-02-02-10.wav
fearful,kaggle/Ravdess/audio_speech_actors_01-24/Actor_10\03-01-06-02-01-01-10.wav
fearful,kaggle/Ravdess/audio_speech_actors_01-24/Actor_10\03-01-06-02-01-02-10.wav
fearful,kaggle/Ravdess/audio_speech_actors_01-24/Actor_10\03-01-06-02-02-01-10.wav
fearful,kaggle/Ravdess/audio_speech_actors_01-24/Actor_10\03-01-06-02-02-02-10.wav
disgust,kaggle/Ravdess/audio_speech_actors_01-24/Actor_10\03-01-07-01-01-01-10.wav
disgust,kaggle/Ravdess/audio_speech_actors_01-24/Actor_10\03-01-07-01-01-02-10.wav
disgust,kaggle/Ravdess/audio_speech_actors_01-24/Actor_10\03-01-07-01-02-01-10.wav
disgust,kaggle/Ravdess/audio_speech_actors_01-24/Actor_10\03-01-07-01-02-02-10.wav
disgust,kaggle/Ravdess/audio_speech_actors_01-24/Actor_10\03-01-07-02-01-01-10.wav
disgust,kaggle/Ravdess/audio_speech_actors_01-24/Actor_10\03-01-07-02-01-02-10.wav
disgust,kaggle/Ravdess/audio_speech_actors_01-24/Actor_10\03-01-07-02-02-01-10.wav
disgust,kaggle/Ravdess/audio_speech_actors_01-24/Actor_10\03-01-07-02-02-02-10.wav
surprise,kaggle/Ravdess/audio_speech_actors_01-24/Actor_10\03-01-08-01-01-01-10.wav
surprise,kaggle/Ravdess/audio_speech_actors_01-24/Actor_10\03-01-08-01-01-02-10.wav
surprise,kaggle/Ravdess/audio_speech_actors_01-24/Actor_10\03-01-08-01-02-01-10.wav
surprise,kaggle/Ravdess/audio_speech_actors_01-24/Actor_10\03-01-08-01-02-02-10.wav
surprise,kaggle/Ravdess/audio_speech_actors_01-24/Actor_10\03-01-08-02-01-01-10.wav
surprise,kaggle/Ravdess/audio_speech_actors_01-24/Actor_10\03-01-08-02-01-02-10.wav
surprise,kaggle/Ravdess/audio_speech_actors_01-24/Actor_10\03-01-08-02-02-01-10.wav
surprise,kaggle/Ravdess/audio_speech_actors_01-24/Actor_10\03-01-08-02-02-02-10.wav
neutral,kaggle/Ravdess/audio_speech_actors_01-24/Actor_11\03-01-01-01-01-01-11.wav
neutral,kaggle/Ravdess/audio_speech_actors_01-24/Actor_11\03-01-01-01-01-02-11.wav
neutral,kaggle/Ravdess/audio_speech_actors_01-24/Actor_11\03-01-01-01-02-01-11.wav
neutral,kaggle/Ravdess/audio_speech_actors_01-24/Actor_11\03-01-01-01-02-02-11.wav
calm,kaggle/Ravdess/audio_speech_actors_01-24/Actor_11\03-01-02-01-01-01-11.wav
calm,kaggle/Ravdess/audio_speech_actors_01-24/Actor_11\03-01-02-01-01-02-11.wav
calm,kaggle/Ravdess/audio_speech_actors_01-24/Actor_11\03-01-02-01-02-01-11.wav
calm,kaggle/Ravdess/audio_speech_actors_01-24/Actor_11\03-01-02-01-02-02-11.wav
calm,kaggle/Ravdess/audio_speech_actors_01-24/Actor_11\03-01-02-02-01-01-11.wav
calm,kaggle/Ravdess/audio_speech_actors_01-24/Actor_11\03-01-02-02-01-02-11.wav
calm,kaggle/Ravdess/audio_speech_actors_01-24/Actor_11\03-01-02-02-02-01-11.wav
calm,kaggle/Ravdess/audio_speech_actors_01-24/Actor_11\03-01-02-02-02-02-11.wav
happy,kaggle/Ravdess/audio_speech_actors_01-24/Actor_11\03-01-03-01-01-01-11.wav
happy,kaggle/Ravdess/audio_speech_actors_01-24/Actor_11\03-01-03-01-01-02-11.wav
happy,kaggle/Ravdess/audio_speech_actors_01-24/Actor_11\03-01-03-01-02-01-11.wav
happy,kaggle/Ravdess/audio_speech_actors_01-24/Actor_11\03-01-03-01-02-02-11.wav
happy,kaggle/Ravdess/audio_speech_actors_01-24/Actor_11\03-01-03-02-01-01-11.wav
happy,kaggle/Ravdess/audio_speech_actors_01-24/Actor_11\03-01-03-02-01-02-11.wav
happy,kaggle/Ravdess/audio_speech_actors_01-24/Actor_11\03-01-03-02-02-01-11.wav
happy,kaggle/Ravdess/audio_speech_actors_01-24/Actor_11\03-01-03-02-02-02-11.wav
sad,kaggle/Ravdess/audio_speech_actors_01-24/Actor_11\03-01-04-01-01-01-11.wav
sad,kaggle/Ravdess/audio_speech_actors_01-24/Actor_11\03-01-04-01-01-02-11.wav
sad,kaggle/Ravdess/audio_speech_actors_01-24/Actor_11\03-01-04-01-02-01-11.wav
sad,kaggle/Ravdess/audio_speech_actors_01-24/Actor_11\03-01-04-01-02-02-11.wav
sad,kaggle/Ravdess/audio_speech_actors_01-24/Actor_11\03-01-04-02-01-01-11.wav
sad,kaggle/Ravdess/audio_speech_actors_01-24/Actor_11\03-01-04-02-01-02-11.wav
sad,kaggle/Ravdess/audio_speech_actors_01-24/Actor_11\03-01-04-02-02-01-11.wav
sad,kaggle/Ravdess/audio_speech_actors_01-24/Actor_11\03-01-04-02-02-02-11.wav
angry,kaggle/Ravdess/audio_speech_actors_01-24/Actor_11\03-01-05-01-01-01-11.wav
angry,kaggle/Ravdess/audio_speech_actors_01-24/Actor_11\03-01-05-01-01-02-11.wav
angry,kaggle/Ravdess/audio_speech_actors_01-24/Actor_11\03-01-05-01-02-01-11.wav
angry,kaggle/Ravdess/audio_speech_actors_01-24/Actor_11\03-01-05-01-02-02-11.wav
angry,kaggle/Ravdess/audio_speech_actors_01-24/Actor_11\03-01-05-02-01-01-11.wav
angry,kaggle/Ravdess/audio_speech_actors_01-24/Actor_11\03-01-05-02-01-02-11.wav
angry,kaggle/Ravdess/audio_speech_actors_01-24/Actor_11\03-01-05-02-02-01-11.wav
angry,kaggle/Ravdess/audio_speech_actors_01-24/Actor_11\03-01-05-02-02-02-11.wav
fearful,kaggle/Ravdess/audio_speech_actors_01-24/Actor_11\03-01-06-01-01-01-11.wav
fearful,kaggle/Ravdess/audio_speech_actors_01-24/Actor_11\03-01-06-01-01-02-11.wav
fearful,kaggle/Ravdess/audio_speech_actors_01-24/Actor_11\03-01-06-01-02-01-11.wav
fearful,kaggle/Ravdess/audio_speech_actors_01-24/Actor_11\03-01-06-01-02-02-11.wav
fearful,kaggle/Ravdess/audio_speech_actors_01-24/Actor_11\03-01-06-02-01-01-11.wav
fearful,kaggle/Ravdess/audio_speech_actors_01-24/Actor_11\03-01-06-02-01-02-11.wav
fearful,kaggle/Ravdess/audio_speech_actors_01-24/Actor_11\03-01-06-02-02-01-11.wav
fearful,kaggle/Ravdess/audio_speech_actors_01-24/Actor_11\03-01-06-02-02-02-11.wav
disgust,kaggle/Ravdess/audio_speech_actors_01-24/Actor_11\03-01-07-01-01-01-11.wav
disgust,kaggle/Ravdess/audio_speech_actors_01-24/Actor_11\03-01-07-01-01-02-11.wav
disgust,kaggle/Ravdess/audio_speech_actors_01-24/Actor_11\03-01-07-01-02-01-11.wav
disgust,kaggle/Ravdess/audio_speech_actors_01-24/Actor_11\03-01-07-01-02-02-11.wav
disgust,kaggle/Ravdess/audio_speech_actors_01-24/Actor_11\03-01-07-02-01-01-11.wav
disgust,kaggle/Ravdess/audio_speech_actors_01-24/Actor_11\03-01-07-02-01-02-11.wav
disgust,kaggle/Ravdess/audio_speech_actors_01-24/Actor_11\03-01-07-02-02-01-11.wav
disgust,kaggle/Ravdess/audio_speech_actors_01-24/Actor_11\03-01-07-02-02-02-11.wav
surprise,kaggle/Ravdess/audio_speech_actors_01-24/Actor_11\03-01-08-01-01-01-11.wav
surprise,kaggle/Ravdess/audio_speech_actors_01-24/Actor_11\03-01-08-01-01-02-11.wav
surprise,kaggle/Ravdess/audio_speech_actors_01-24/Actor_11\03-01-08-01-02-01-11.wav
surprise,kaggle/Ravdess/audio_speech_actors_01-24/Actor_11\03-01-08-01-02-02-11.wav
surprise,kaggle/Ravdess/audio_speech_actors_01-24/Actor_11\03-01-08-02-01-01-11.wav
surprise,kaggle/Ravdess/audio_speech_actors_01-24/Actor_11\03-01-08-02-01-02-11.wav
surprise,kaggle/Ravdess/audio_speech_actors_01-24/Actor_11\03-01-08-02-02-01-11.wav
surprise,kaggle/Ravdess/audio_speech_actors_01-24/Actor_11\03-01-08-02-02-02-11.wav
neutral,kaggle/Ravdess/audio_speech_actors_01-24/Actor_12\03-01-01-01-01-01-12.wav
neutral,kaggle/Ravdess/audio_speech_actors_01-24/Actor_12\03-01-01-01-01-02-12.wav
neutral,kaggle/Ravdess/audio_speech_actors_01-24/Actor_12\03-01-01-01-02-01-12.wav
neutral,kaggle/Ravdess/audio_speech_actors_01-24/Actor_12\03-01-01-01-02-02-12.wav
calm,kaggle/Ravdess/audio_speech_actors_01-24/Actor_12\03-01-02-01-01-01-12.wav
calm,kaggle/Ravdess/audio_speech_actors_01-24/Actor_12\03-01-02-01-01-02-12.wav
calm,kaggle/Ravdess/audio_speech_actors_01-24/Actor_12\03-01-02-01-02-01-12.wav
calm,kaggle/Ravdess/audio_speech_actors_01-24/Actor_12\03-01-02-01-02-02-12.wav
calm,kaggle/Ravdess/audio_speech_actors_01-24/Actor_12\03-01-02-02-01-01-12.wav
calm,kaggle/Ravdess/audio_speech_actors_01-24/Actor_12\03-01-02-02-01-02-12.wav
calm,kaggle/Ravdess/audio_speech_actors_01-24/Actor_12\03-01-02-02-02-01-12.wav
calm,kaggle/Ravdess/audio_speech_actors_01-24/Actor_12\03-01-02-02-02-02-12.wav
happy,kaggle/Ravdess/audio_speech_actors_01-24/Actor_12\03-01-03-01-01-01-12.wav
happy,kaggle/Ravdess/audio_speech_actors_01-24/Actor_12\03-01-03-01-01-02-12.wav
happy,kaggle/Ravdess/audio_speech_actors_01-24/Actor_12\03-01-03-01-02-01-12.wav
happy,kaggle/Ravdess/audio_speech_actors_01-24/Actor_12\03-01-03-01-02-02-12.wav
happy,kaggle/Ravdess/audio_speech_actors_01-24/Actor_12\03-01-03-02-01-01-12.wav
happy,kaggle/Ravdess/audio_speech_actors_01-24/Actor_12\03-01-03-02-01-02-12.wav
happy,kaggle/Ravdess/audio_speech_actors_01-24/Actor_12\03-01-03-02-02-01-12.wav
happy,kaggle/Ravdess/audio_speech_actors_01-24/Actor_12\03-01-03-02-02-02-12.wav
sad,kaggle/Ravdess/audio_speech_actors_01-24/Actor_12\03-01-04-01-01-01-12.wav
sad,kaggle/Ravdess/audio_speech_actors_01-24/Actor_12\03-01-04-01-01-02-12.wav
sad,kaggle/Ravdess/audio_speech_actors_01-24/Actor_12\03-01-04-01-02-01-12.wav
sad,kaggle/Ravdess/audio_speech_actors_01-24/Actor_12\03-01-04-01-02-02-12.wav
sad,kaggle/Ravdess/audio_speech_actors_01-24/Actor_12\03-01-04-02-01-01-12.wav
sad,kaggle/Ravdess/audio_speech_actors_01-24/Actor_12\03-01-04-02-01-02-12.wav
sad,kaggle/Ravdess/audio_speech_actors_01-24/Actor_12\03-01-04-02-02-01-12.wav
sad,kaggle/Ravdess/audio_speech_actors_01-24/Actor_12\03-01-04-02-02-02-12.wav
angry,kaggle/Ravdess/audio_speech_actors_01-24/Actor_12\03-01-05-01-01-01-12.wav
angry,kaggle/Ravdess/audio_speech_actors_01-24/Actor_12\03-01-05-01-01-02-12.wav
angry,kaggle/Ravdess/audio_speech_actors_01-24/Actor_12\03-01-05-01-02-01-12.wav
angry,kaggle/Ravdess/audio_speech_actors_01-24/Actor_12\03-01-05-01-02-02-12.wav
angry,kaggle/Ravdess/audio_speech_actors_01-24/Actor_12\03-01-05-02-01-01-12.wav
angry,kaggle/Ravdess/audio_speech_actors_01-24/Actor_12\03-01-05-02-01-02-12.wav
angry,kaggle/Ravdess/audio_speech_actors_01-24/Actor_12\03-01-05-02-02-01-12.wav
angry,kaggle/Ravdess/audio_speech_actors_01-24/Actor_12\03-01-05-02-02-02-12.wav
fearful,kaggle/Ravdess/audio_speech_actors_01-24/Actor_12\03-01-06-01-01-01-12.wav
fearful,kaggle/Ravdess/audio_speech_actors_01-24/Actor_12\03-01-06-01-01-02-12.wav
fearful,kaggle/Ravdess/audio_speech_actors_01-24/Actor_12\03-01-06-01-02-01-12.wav
fearful,kaggle/Ravdess/audio_speech_actors_01-24/Actor_12\03-01-06-01-02-02-12.wav
fearful,kaggle/Ravdess/audio_speech_actors_01-24/Actor_12\03-01-06-02-01-01-12.wav
fearful,kaggle/Ravdess/audio_speech_actors_01-24/Actor_12\03-01-06-02-01-02-12.wav
fearful,kaggle/Ravdess/audio_speech_actors_01-24/Actor_12\03-01-06-02-02-01-12.wav
fearful,kaggle/Ravdess/audio_speech_actors_01-24/Actor_12\03-01-06-02-02-02-12.wav
disgust,kaggle/Ravdess/audio_speech_actors_01-24/Actor_12\03-01-07-01-01-01-12.wav
disgust,kaggle/Ravdess/audio_speech_actors_01-24/Actor_12\03-01-07-01-01-02-12.wav
disgust,kaggle/Ravdess/audio_speech_actors_01-24/Actor_12\03-01-07-01-02-01-12.wav
disgust,kaggle/Ravdess/audio_speech_actors_01-24/Actor_12\03-01-07-01-02-02-12.wav
disgust,kaggle/Ravdess/audio_speech_actors_01-24/Actor_12\03-01-07-02-01-01-12.wav
disgust,kaggle/Ravdess/audio_speech_actors_01-24/Actor_12\03-01-07-02-01-02-12.wav
disgust,kaggle/Ravdess/audio_speech_actors_01-24/Actor_12\03-01-07-02-02-01-12.wav
disgust,kaggle/Ravdess/audio_speech_actors_01-24/Actor_12\03-01-07-02-02-02-12.wav
surprise,kaggle/Ravdess/audio_speech_actors_01-24/Actor_12\03-01-08-01-01-01-12.wav
surprise,kaggle/Ravdess/audio_speech_actors_01-24/Actor_12\03-01-08-01-01-02-12.wav
surprise,kaggle/Ravdess/audio_speech_actors_01-24/Actor_12\03-01-08-01-02-01-12.wav
surprise,kaggle/Ravdess/audio_speech_actors_01-24/Actor_12\03-01-08-01-02-02-12.wav
surprise,kaggle/Ravdess/audio_speech_actors_01-24/Actor_12\03-01-08-02-01-01-12.wav
surprise,kaggle/Ravdess/audio_speech_actors_01-24/Actor_12\03-01-08-02-01-02-12.wav
surprise,kaggle/Ravdess/audio_speech_actors_01-24/Actor_12\03-01-08-02-02-01-12.wav
surprise,kaggle/Ravdess/audio_speech_actors_01-24/Actor_12\03-01-08-02-02-02-12.wav
neutral,kaggle/Ravdess/audio_speech_actors_01-24/Actor_13\03-01-01-01-01-01-13.wav
neutral,kaggle/Ravdess/audio_speech_actors_01-24/Actor_13\03-01-01-01-01-02-13.wav
neutral,kaggle/Ravdess/audio_speech_actors_01-24/Actor_13\03-01-01-01-02-01-13.wav
neutral,kaggle/Ravdess/audio_speech_actors_01-24/Actor_13\03-01-01-01-02-02-13.wav
calm,kaggle/Ravdess/audio_speech_actors_01-24/Actor_13\03-01-02-01-01-01-13.wav
calm,kaggle/Ravdess/audio_speech_actors_01-24/Actor_13\03-01-02-01-01-02-13.wav
calm,kaggle/Ravdess/audio_speech_actors_01-24/Actor_13\03-01-02-01-02-01-13.wav
calm,kaggle/Ravdess/audio_speech_actors_01-24/Actor_13\03-01-02-01-02-02-13.wav
calm,kaggle/Ravdess/audio_speech_actors_01-24/Actor_13\03-01-02-02-01-01-13.wav
calm,kaggle/Ravdess/audio_speech_actors_01-24/Actor_13\03-01-02-02-01-02-13.wav
calm,kaggle/Ravdess/audio_speech_actors_01-24/Actor_13\03-01-02-02-02-01-13.wav
calm,kaggle/Ravdess/audio_speech_actors_01-24/Actor_13\03-01-02-02-02-02-13.wav
happy,kaggle/Ravdess/audio_speech_actors_01-24/Actor_13\03-01-03-01-01-01-13.wav
happy,kaggle/Ravdess/audio_speech_actors_01-24/Actor_13\03-01-03-01-01-02-13.wav
happy,kaggle/Ravdess/audio_speech_actors_01-24/Actor_13\03-01-03-01-02-01-13.wav
happy,kaggle/Ravdess/audio_speech_actors_01-24/Actor_13\03-01-03-01-02-02-13.wav
happy,kaggle/Ravdess/audio_speech_actors_01-24/Actor_13\03-01-03-02-01-01-13.wav
happy,kaggle/Ravdess/audio_speech_actors_01-24/Actor_13\03-01-03-02-01-02-13.wav
happy,kaggle/Ravdess/audio_speech_actors_01-24/Actor_13\03-01-03-02-02-01-13.wav
happy,kaggle/Ravdess/audio_speech_actors_01-24/Actor_13\03-01-03-02-02-02-13.wav
sad,kaggle/Ravdess/audio_speech_actors_01-24/Actor_13\03-01-04-01-01-01-13.wav
sad,kaggle/Ravdess/audio_speech_actors_01-24/Actor_13\03-01-04-01-01-02-13.wav
sad,kaggle/Ravdess/audio_speech_actors_01-24/Actor_13\03-01-04-01-02-01-13.wav
sad,kaggle/Ravdess/audio_speech_actors_01-24/Actor_13\03-01-04-01-02-02-13.wav
sad,kaggle/Ravdess/audio_speech_actors_01-24/Actor_13\03-01-04-02-01-01-13.wav
sad,kaggle/Ravdess/audio_speech_actors_01-24/Actor_13\03-01-04-02-01-02-13.wav
sad,kaggle/Ravdess/audio_speech_actors_01-24/Actor_13\03-01-04-02-02-01-13.wav
sad,kaggle/Ravdess/audio_speech_actors_01-24/Actor_13\03-01-04-02-02-02-13.wav
angry,kaggle/Ravdess/audio_speech_actors_01-24/Actor_13\03-01-05-01-01-01-13.wav
angry,kaggle/Ravdess/audio_speech_actors_01-24/Actor_13\03-01-05-01-01-02-13.wav
angry,kaggle/Ravdess/audio_speech_actors_01-24/Actor_13\03-01-05-01-02-01-13.wav
angry,kaggle/Ravdess/audio_speech_actors_01-24/Actor_13\03-01-05-01-02-02-13.wav
angry,kaggle/Ravdess/audio_speech_actors_01-24/Actor_13\03-01-05-02-01-01-13.wav
angry,kaggle/Ravdess/audio_speech_actors_01-24/Actor_13\03-01-05-02-01-02-13.wav
angry,kaggle/Ravdess/audio_speech_actors_01-24/Actor_13\03-01-05-02-02-01-13.wav
angry,kaggle/Ravdess/audio_speech_actors_01-24/Actor_13\03-01-05-02-02-02-13.wav
fearful,kaggle/Ravdess/audio_speech_actors_01-24/Actor_13\03-01-06-01-01-01-13.wav
fearful,kaggle/Ravdess/audio_speech_actors_01-24/Actor_13\03-01-06-01-01-02-13.wav
fearful,kaggle/Ravdess/audio_speech_actors_01-24/Actor_13\03-01-06-01-02-01-13.wav
fearful,kaggle/Ravdess/audio_speech_actors_01-24/Actor_13\03-01-06-01-02-02-13.wav
fearful,kaggle/Ravdess/audio_speech_actors_01-24/Actor_13\03-01-06-02-01-01-13.wav
fearful,kaggle/Ravdess/audio_speech_actors_01-24/Actor_13\03-01-06-02-01-02-13.wav
fearful,kaggle/Ravdess/audio_speech_actors_01-24/Actor_13\03-01-06-02-02-01-13.wav
fearful,kaggle/Ravdess/audio_speech_actors_01-24/Actor_13\03-01-06-02-02-02-13.wav
disgust,kaggle/Ravdess/audio_speech_actors_01-24/Actor_13\03-01-07-01-01-01-13.wav
disgust,kaggle/Ravdess/audio_speech_actors_01-24/Actor_13\03-01-07-01-01-02-13.wav
disgust,kaggle/Ravdess/audio_speech_actors_01-24/Actor_13\03-01-07-01-02-01-13.wav
disgust,kaggle/Ravdess/audio_speech_actors_01-24/Actor_13\03-01-07-01-02-02-13.wav
disgust,kaggle/Ravdess/audio_speech_actors_01-24/Actor_13\03-01-07-02-01-01-13.wav
disgust,kaggle/Ravdess/audio_speech_actors_01-24/Actor_13\03-01-07-02-01-02-13.wav
disgust,kaggle/Ravdess/audio_speech_actors_01-24/Actor_13\03-01-07-02-02-01-13.wav
disgust,kaggle/Ravdess/audio_speech_actors_01-24/Actor_13\03-01-07-02-02-02-13.wav
surprise,kaggle/Ravdess/audio_speech_actors_01-24/Actor_13\03-01-08-01-01-01-13.wav
surprise,kaggle/Ravdess/audio_speech_actors_01-24/Actor_13\03-01-08-01-01-02-13.wav
surprise,kaggle/Ravdess/audio_speech_actors_01-24/Actor_13\03-01-08-01-02-01-13.wav
surprise,kaggle/Ravdess/audio_speech_actors_01-24/Actor_13\03-01-08-01-02-02-13.wav
surprise,kaggle/Ravdess/audio_speech_actors_01-24/Actor_13\03-01-08-02-01-01-13.wav
surprise,kaggle/Ravdess/audio_speech_actors_01-24/Actor_13\03-01-08-02-01-02-13.wav
surprise,kaggle/Ravdess/audio_speech_actors_01-24/Actor_13\03-01-08-02-02-01-13.wav
surprise,kaggle/Ravdess/audio_speech_actors_01-24/Actor_13\03-01-08-02-02-02-13.wav
neutral,kaggle/Ravdess/audio_speech_actors_01-24/Actor_14\03-01-01-01-01-01-14.wav
neutral,kaggle/Ravdess/audio_speech_actors_01-24/Actor_14\03-01-01-01-01-02-14.wav
neutral,kaggle/Ravdess/audio_speech_actors_01-24/Actor_14\03-01-01-01-02-01-14.wav
neutral,kaggle/Ravdess/audio_speech_actors_01-24/Actor_14\03-01-01-01-02-02-14.wav
calm,kaggle/Ravdess/audio_speech_actors_01-24/Actor_14\03-01-02-01-01-01-14.wav
calm,kaggle/Ravdess/audio_speech_actors_01-24/Actor_14\03-01-02-01-01-02-14.wav
calm,kaggle/Ravdess/audio_speech_actors_01-24/Actor_14\03-01-02-01-02-01-14.wav
calm,kaggle/Ravdess/audio_speech_actors_01-24/Actor_14\03-01-02-01-02-02-14.wav
calm,kaggle/Ravdess/audio_speech_actors_01-24/Actor_14\03-01-02-02-01-01-14.wav
calm,kaggle/Ravdess/audio_speech_actors_01-24/Actor_14\03-01-02-02-01-02-14.wav
calm,kaggle/Ravdess/audio_speech_actors_01-24/Actor_14\03-01-02-02-02-01-14.wav
calm,kaggle/Ravdess/audio_speech_actors_01-24/Actor_14\03-01-02-02-02-02-14.wav
happy,kaggle/Ravdess/audio_speech_actors_01-24/Actor_14\03-01-03-01-01-01-14.wav
happy,kaggle/Ravdess/audio_speech_actors_01-24/Actor_14\03-01-03-01-01-02-14.wav
happy,kaggle/Ravdess/audio_speech_actors_01-24/Actor_14\03-01-03-01-02-01-14.wav
happy,kaggle/Ravdess/audio_speech_actors_01-24/Actor_14\03-01-03-01-02-02-14.wav
happy,kaggle/Ravdess/audio_speech_actors_01-24/Actor_14\03-01-03-02-01-01-14.wav
happy,kaggle/Ravdess/audio_speech_actors_01-24/Actor_14\03-01-03-02-01-02-14.wav
happy,kaggle/Ravdess/audio_speech_actors_01-24/Actor_14\03-01-03-02-02-01-14.wav
happy,kaggle/Ravdess/audio_speech_actors_01-24/Actor_14\03-01-03-02-02-02-14.wav
sad,kaggle/Ravdess/audio_speech_actors_01-24/Actor_14\03-01-04-01-01-01-14.wav
sad,kaggle/Ravdess/audio_speech_actors_01-24/Actor_14\03-01-04-01-01-02-14.wav
sad,kaggle/Ravdess/audio_speech_actors_01-24/Actor_14\03-01-04-01-02-01-14.wav
sad,kaggle/Ravdess/audio_speech_actors_01-24/Actor_14\03-01-04-01-02-02-14.wav
sad,kaggle/Ravdess/audio_speech_actors_01-24/Actor_14\03-01-04-02-01-01-14.wav
sad,kaggle/Ravdess/audio_speech_actors_01-24/Actor_14\03-01-04-02-01-02-14.wav
sad,kaggle/Ravdess/audio_speech_actors_01-24/Actor_14\03-01-04-02-02-01-14.wav
sad,kaggle/Ravdess/audio_speech_actors_01-24/Actor_14\03-01-04-02-02-02-14.wav
angry,kaggle/Ravdess/audio_speech_actors_01-24/Actor_14\03-01-05-01-01-01-14.wav
angry,kaggle/Ravdess/audio_speech_actors_01-24/Actor_14\03-01-05-01-01-02-14.wav
angry,kaggle/Ravdess/audio_speech_actors_01-24/Actor_14\03-01-05-01-02-01-14.wav
angry,kaggle/Ravdess/audio_speech_actors_01-24/Actor_14\03-01-05-01-02-02-14.wav
angry,kaggle/Ravdess/audio_speech_actors_01-24/Actor_14\03-01-05-02-01-01-14.wav
angry,kaggle/Ravdess/audio_speech_actors_01-24/Actor_14\03-01-05-02-01-02-14.wav
angry,kaggle/Ravdess/audio_speech_actors_01-24/Actor_14\03-01-05-02-02-01-14.wav
angry,kaggle/Ravdess/audio_speech_actors_01-24/Actor_14\03-01-05-02-02-02-14.wav
fearful,kaggle/Ravdess/audio_speech_actors_01-24/Actor_14\03-01-06-01-01-01-14.wav
fearful,kaggle/Ravdess/audio_speech_actors_01-24/Actor_14\03-01-06-01-01-02-14.wav
fearful,kaggle/Ravdess/audio_speech_actors_01-24/Actor_14\03-01-06-01-02-01-14.wav
fearful,kaggle/Ravdess/audio_speech_actors_01-24/Actor_14\03-01-06-01-02-02-14.wav
fearful,kaggle/Ravdess/audio_speech_actors_01-24/Actor_14\03-01-06-02-01-01-14.wav
fearful,kaggle/Ravdess/audio_speech_actors_01-24/Actor_14\03-01-06-02-01-02-14.wav
fearful,kaggle/Ravdess/audio_speech_actors_01-24/Actor_14\03-01-06-02-02-01-14.wav
fearful,kaggle/Ravdess/audio_speech_actors_01-24/Actor_14\03-01-06-02-02-02-14.wav
disgust,kaggle/Ravdess/audio_speech_actors_01-24/Actor_14\03-01-07-01-01-01-14.wav
disgust,kaggle/Ravdess/audio_speech_actors_01-24/Actor_14\03-01-07-01-01-02-14.wav
disgust,kaggle/Ravdess/audio_speech_actors_01-24/Actor_14\03-01-07-01-02-01-14.wav
disgust,kaggle/Ravdess/audio_speech_actors_01-24/Actor_14\03-01-07-01-02-02-14.wav
disgust,kaggle/Ravdess/audio_speech_actors_01-24/Actor_14\03-01-07-02-01-01-14.wav
disgust,kaggle/Ravdess/audio_speech_actors_01-24/Actor_14\03-01-07-02-01-02-14.wav
disgust,kaggle/Ravdess/audio_speech_actors_01-24/Actor_14\03-01-07-02-02-01-14.wav
disgust,kaggle/Ravdess/audio_speech_actors_01-24/Actor_14\03-01-07-02-02-02-14.wav
surprise,kaggle/Ravdess/audio_speech_actors_01-24/Actor_14\03-01-08-01-01-01-14.wav
surprise,kaggle/Ravdess/audio_speech_actors_01-24/Actor_14\03-01-08-01-01-02-14.wav
surprise,kaggle/Ravdess/audio_speech_actors_01-24/Actor_14\03-01-08-01-02-01-14.wav
surprise,kaggle/Ravdess/audio_speech_actors_01-24/Actor_14\03-01-08-01-02-02-14.wav
surprise,kaggle/Ravdess/audio_speech_actors_01-24/Actor_14\03-01-08-02-01-01-14.wav
surprise,kaggle/Ravdess/audio_speech_actors_01-24/Actor_14\03-01-08-02-01-02-14.wav
surprise,kaggle/Ravdess/audio_speech_actors_01-24/Actor_14\03-01-08-02-02-01-14.wav
surprise,kaggle/Ravdess/audio_speech_actors_01-24/Actor_14\03-01-08-02-02-02-14.wav
neutral,kaggle/Ravdess/audio_speech_actors_01-24/Actor_15\03-01-01-01-01-01-15.wav
neutral,kaggle/Ravdess/audio_speech_actors_01-24/Actor_15\03-01-01-01-01-02-15.wav
neutral,kaggle/Ravdess/audio_speech_actors_01-24/Actor_15\03-01-01-01-02-01-15.wav
neutral,kaggle/Ravdess/audio_speech_actors_01-24/Actor_15\03-01-01-01-02-02-15.wav
calm,kaggle/Ravdess/audio_speech_actors_01-24/Actor_15\03-01-02-01-01-01-15.wav
calm,kaggle/Ravdess/audio_speech_actors_01-24/Actor_15\03-01-02-01-01-02-15.wav
calm,kaggle/Ravdess/audio_speech_actors_01-24/Actor_15\03-01-02-01-02-01-15.wav
calm,kaggle/Ravdess/audio_speech_actors_01-24/Actor_15\03-01-02-01-02-02-15.wav
calm,kaggle/Ravdess/audio_speech_actors_01-24/Actor_15\03-01-02-02-01-01-15.wav
calm,kaggle/Ravdess/audio_speech_actors_01-24/Actor_15\03-01-02-02-01-02-15.wav
calm,kaggle/Ravdess/audio_speech_actors_01-24/Actor_15\03-01-02-02-02-01-15.wav
calm,kaggle/Ravdess/audio_speech_actors_01-24/Actor_15\03-01-02-02-02-02-15.wav
happy,kaggle/Ravdess/audio_speech_actors_01-24/Actor_15\03-01-03-01-01-01-15.wav
happy,kaggle/Ravdess/audio_speech_actors_01-24/Actor_15\03-01-03-01-01-02-15.wav
happy,kaggle/Ravdess/audio_speech_actors_01-24/Actor_15\03-01-03-01-02-01-15.wav
happy,kaggle/Ravdess/audio_speech_actors_01-24/Actor_15\03-01-03-01-02-02-15.wav
happy,kaggle/Ravdess/audio_speech_actors_01-24/Actor_15\03-01-03-02-01-01-15.wav
happy,kaggle/Ravdess/audio_speech_actors_01-24/Actor_15\03-01-03-02-01-02-15.wav
happy,kaggle/Ravdess/audio_speech_actors_01-24/Actor_15\03-01-03-02-02-01-15.wav
happy,kaggle/Ravdess/audio_speech_actors_01-24/Actor_15\03-01-03-02-02-02-15.wav
sad,kaggle/Ravdess/audio_speech_actors_01-24/Actor_15\03-01-04-01-01-01-15.wav
sad,kaggle/Ravdess/audio_speech_actors_01-24/Actor_15\03-01-04-01-01-02-15.wav
sad,kaggle/Ravdess/audio_speech_actors_01-24/Actor_15\03-01-04-01-02-01-15.wav
sad,kaggle/Ravdess/audio_speech_actors_01-24/Actor_15\03-01-04-01-02-02-15.wav
sad,kaggle/Ravdess/audio_speech_actors_01-24/Actor_15\03-01-04-02-01-01-15.wav
sad,kaggle/Ravdess/audio_speech_actors_01-24/Actor_15\03-01-04-02-01-02-15.wav
sad,kaggle/Ravdess/audio_speech_actors_01-24/Actor_15\03-01-04-02-02-01-15.wav
sad,kaggle/Ravdess/audio_speech_actors_01-24/Actor_15\03-01-04-02-02-02-15.wav
angry,kaggle/Ravdess/audio_speech_actors_01-24/Actor_15\03-01-05-01-01-01-15.wav
angry,kaggle/Ravdess/audio_speech_actors_01-24/Actor_15\03-01-05-01-01-02-15.wav
angry,kaggle/Ravdess/audio_speech_actors_01-24/Actor_15\03-01-05-01-02-01-15.wav
angry,kaggle/Ravdess/audio_speech_actors_01-24/Actor_15\03-01-05-01-02-02-15.wav
angry,kaggle/Ravdess/audio_speech_actors_01-24/Actor_15\03-01-05-02-01-01-15.wav
angry,kaggle/Ravdess/audio_speech_actors_01-24/Actor_15\03-01-05-02-01-02-15.wav
angry,kaggle/Ravdess/audio_speech_actors_01-24/Actor_15\03-01-05-02-02-01-15.wav
angry,kaggle/Ravdess/audio_speech_actors_01-24/Actor_15\03-01-05-02-02-02-15.wav
fearful,kaggle/Ravdess/audio_speech_actors_01-24/Actor_15\03-01-06-01-01-01-15.wav
fearful,kaggle/Ravdess/audio_speech_actors_01-24/Actor_15\03-01-06-01-01-02-15.wav
fearful,kaggle/Ravdess/audio_speech_actors_01-24/Actor_15\03-01-06-01-02-01-15.wav
fearful,kaggle/Ravdess/audio_speech_actors_01-24/Actor_15\03-01-06-01-02-02-15.wav
fearful,kaggle/Ravdess/audio_speech_actors_01-24/Actor_15\03-01-06-02-01-01-15.wav
fearful,kaggle/Ravdess/audio_speech_actors_01-24/Actor_15\03-01-06-02-01-02-15.wav
fearful,kaggle/Ravdess/audio_speech_actors_01-24/Actor_15\03-01-06-02-02-01-15.wav
fearful,kaggle/Ravdess/audio_speech_actors_01-24/Actor_15\03-01-06-02-02-02-15.wav
disgust,kaggle/Ravdess/audio_speech_actors_01-24/Actor_15\03-01-07-01-01-01-15.wav
disgust,kaggle/Ravdess/audio_speech_actors_01-24/Actor_15\03-01-07-01-01-02-15.wav
disgust,kaggle/Ravdess/audio_speech_actors_01-24/Actor_15\03-01-07-01-02-01-15.wav
disgust,kaggle/Ravdess/audio_speech_actors_01-24/Actor_15\03-01-07-01-02-02-15.wav
disgust,kaggle/Ravdess/audio_speech_actors_01-24/Actor_15\03-01-07-02-01-01-15.wav
disgust,kaggle/Ravdess/audio_speech_actors_01-24/Actor_15\03-01-07-02-01-02-15.wav
disgust,kaggle/Ravdess/audio_speech_actors_01-24/Actor_15\03-01-07-02-02-01-15.wav
disgust,kaggle/Ravdess/audio_speech_actors_01-24/Actor_15\03-01-07-02-02-02-15.wav
surprise,kaggle/Ravdess/audio_speech_actors_01-24/Actor_15\03-01-08-01-01-01-15.wav
surprise,kaggle/Ravdess/audio_speech_actors_01-24/Actor_15\03-01-08-01-01-02-15.wav
surprise,kaggle/Ravdess/audio_speech_actors_01-24/Actor_15\03-01-08-01-02-01-15.wav
surprise,kaggle/Ravdess/audio_speech_actors_01-24/Actor_15\03-01-08-01-02-02-15.wav
surprise,kaggle/Ravdess/audio_speech_actors_01-24/Actor_15\03-01-08-02-01-01-15.wav
surprise,kaggle/Ravdess/audio_speech_actors_01-24/Actor_15\03-01-08-02-01-02-15.wav
surprise,kaggle/Ravdess/audio_speech_actors_01-24/Actor_15\03-01-08-02-02-01-15.wav
surprise,kaggle/Ravdess/audio_speech_actors_01-24/Actor_15\03-01-08-02-02-02-15.wav
neutral,kaggle/Ravdess/audio_speech_actors_01-24/Actor_16\03-01-01-01-01-01-16.wav
neutral,kaggle/Ravdess/audio_speech_actors_01-24/Actor_16\03-01-01-01-01-02-16.wav
neutral,kaggle/Ravdess/audio_speech_actors_01-24/Actor_16\03-01-01-01-02-01-16.wav
neutral,kaggle/Ravdess/audio_speech_actors_01-24/Actor_16\03-01-01-01-02-02-16.wav
calm,kaggle/Ravdess/audio_speech_actors_01-24/Actor_16\03-01-02-01-01-01-16.wav
calm,kaggle/Ravdess/audio_speech_actors_01-24/Actor_16\03-01-02-01-01-02-16.wav
calm,kaggle/Ravdess/audio_speech_actors_01-24/Actor_16\03-01-02-01-02-01-16.wav
calm,kaggle/Ravdess/audio_speech_actors_01-24/Actor_16\03-01-02-01-02-02-16.wav
calm,kaggle/Ravdess/audio_speech_actors_01-24/Actor_16\03-01-02-02-01-01-16.wav
calm,kaggle/Ravdess/audio_speech_actors_01-24/Actor_16\03-01-02-02-01-02-16.wav
calm,kaggle/Ravdess/audio_speech_actors_01-24/Actor_16\03-01-02-02-02-01-16.wav
calm,kaggle/Ravdess/audio_speech_actors_01-24/Actor_16\03-01-02-02-02-02-16.wav
happy,kaggle/Ravdess/audio_speech_actors_01-24/Actor_16\03-01-03-01-01-01-16.wav
happy,kaggle/Ravdess/audio_speech_actors_01-24/Actor_16\03-01-03-01-01-02-16.wav
happy,kaggle/Ravdess/audio_speech_actors_01-24/Actor_16\03-01-03-01-02-01-16.wav
happy,kaggle/Ravdess/audio_speech_actors_01-24/Actor_16\03-01-03-01-02-02-16.wav
happy,kaggle/Ravdess/audio_speech_actors_01-24/Actor_16\03-01-03-02-01-01-16.wav
happy,kaggle/Ravdess/audio_speech_actors_01-24/Actor_16\03-01-03-02-01-02-16.wav
happy,kaggle/Ravdess/audio_speech_actors_01-24/Actor_16\03-01-03-02-02-01-16.wav
happy,kaggle/Ravdess/audio_speech_actors_01-24/Actor_16\03-01-03-02-02-02-16.wav
sad,kaggle/Ravdess/audio_speech_actors_01-24/Actor_16\03-01-04-01-01-01-16.wav
sad,kaggle/Ravdess/audio_speech_actors_01-24/Actor_16\03-01-04-01-01-02-16.wav
sad,kaggle/Ravdess/audio_speech_actors_01-24/Actor_16\03-01-04-01-02-01-16.wav
sad,kaggle/Ravdess/audio_speech_actors_01-24/Actor_16\03-01-04-01-02-02-16.wav
sad,kaggle/Ravdess/audio_speech_actors_01-24/Actor_16\03-01-04-02-01-01-16.wav
sad,kaggle/Ravdess/audio_speech_actors_01-24/Actor_16\03-01-04-02-01-02-16.wav
sad,kaggle/Ravdess/audio_speech_actors_01-24/Actor_16\03-01-04-02-02-01-16.wav
sad,kaggle/Ravdess/audio_speech_actors_01-24/Actor_16\03-01-04-02-02-02-16.wav
angry,kaggle/Ravdess/audio_speech_actors_01-24/Actor_16\03-01-05-01-01-01-16.wav
angry,kaggle/Ravdess/audio_speech_actors_01-24/Actor_16\03-01-05-01-01-02-16.wav
angry,kaggle/Ravdess/audio_speech_actors_01-24/Actor_16\03-01-05-01-02-01-16.wav
angry,kaggle/Ravdess/audio_speech_actors_01-24/Actor_16\03-01-05-01-02-02-16.wav
angry,kaggle/Ravdess/audio_speech_actors_01-24/Actor_16\03-01-05-02-01-01-16.wav
angry,kaggle/Ravdess/audio_speech_actors_01-24/Actor_16\03-01-05-02-01-02-16.wav
angry,kaggle/Ravdess/audio_speech_actors_01-24/Actor_16\03-01-05-02-02-01-16.wav
angry,kaggle/Ravdess/audio_speech_actors_01-24/Actor_16\03-01-05-02-02-02-16.wav
fearful,kaggle/Ravdess/audio_speech_actors_01-24/Actor_16\03-01-06-01-01-01-16.wav
fearful,kaggle/Ravdess/audio_speech_actors_01-24/Actor_16\03-01-06-01-01-02-16.wav
fearful,kaggle/Ravdess/audio_speech_actors_01-24/Actor_16\03-01-06-01-02-01-16.wav
fearful,kaggle/Ravdess/audio_speech_actors_01-24/Actor_16\03-01-06-01-02-02-16.wav
fearful,kaggle/Ravdess/audio_speech_actors_01-24/Actor_16\03-01-06-02-01-01-16.wav
fearful,kaggle/Ravdess/audio_speech_actors_01-24/Actor_16\03-01-06-02-01-02-16.wav
fearful,kaggle/Ravdess/audio_speech_actors_01-24/Actor_16\03-01-06-02-02-01-16.wav
fearful,kaggle/Ravdess/audio_speech_actors_01-24/Actor_16\03-01-06-02-02-02-16.wav
disgust,kaggle/Ravdess/audio_speech_actors_01-24/Actor_16\03-01-07-01-01-01-16.wav
disgust,kaggle/Ravdess/audio_speech_actors_01-24/Actor_16\03-01-07-01-01-02-16.wav
disgust,kaggle/Ravdess/audio_speech_actors_01-24/Actor_16\03-01-07-01-02-01-16.wav
disgust,kaggle/Ravdess/audio_speech_actors_01-24/Actor_16\03-01-07-01-02-02-16.wav
disgust,kaggle/Ravdess/audio_speech_actors_01-24/Actor_16\03-01-07-02-01-01-16.wav
disgust,kaggle/Ravdess/audio_speech_actors_01-24/Actor_16\03-01-07-02-01-02-16.wav
disgust,kaggle/Ravdess/audio_speech_actors_01-24/Actor_16\03-01-07-02-02-01-16.wav
disgust,kaggle/Ravdess/audio_speech_actors_01-24/Actor_16\03-01-07-02-02-02-16.wav
surprise,kaggle/Ravdess/audio_speech_actors_01-24/Actor_16\03-01-08-01-01-01-16.wav
surprise,kaggle/Ravdess/audio_speech_actors_01-24/Actor_16\03-01-08-01-01-02-16.wav
surprise,kaggle/Ravdess/audio_speech_actors_01-24/Actor_16\03-01-08-01-02-01-16.wav
surprise,kaggle/Ravdess/audio_speech_actors_01-24/Actor_16\03-01-08-01-02-02-16.wav
surprise,kaggle/Ravdess/audio_speech_actors_01-24/Actor_16\03-01-08-02-01-01-16.wav
surprise,kaggle/Ravdess/audio_speech_actors_01-24/Actor_16\03-01-08-02-01-02-16.wav
surprise,kaggle/Ravdess/audio_speech_actors_01-24/Actor_16\03-01-08-02-02-01-16.wav
surprise,kaggle/Ravdess/audio_speech_actors_01-24/Actor_16\03-01-08-02-02-02-16.wav
neutral,kaggle/Ravdess/audio_speech_actors_01-24/Actor_17\03-01-01-01-01-01-17.wav
neutral,kaggle/Ravdess/audio_speech_actors_01-24/Actor_17\03-01-01-01-01-02-17.wav
neutral,kaggle/Ravdess/audio_speech_actors_01-24/Actor_17\03-01-01-01-02-01-17.wav
neutral,kaggle/Ravdess/audio_speech_actors_01-24/Actor_17\03-01-01-01-02-02-17.wav
calm,kaggle/Ravdess/audio_speech_actors_01-24/Actor_17\03-01-02-01-01-01-17.wav
calm,kaggle/Ravdess/audio_speech_actors_01-24/Actor_17\03-01-02-01-01-02-17.wav
calm,kaggle/Ravdess/audio_speech_actors_01-24/Actor_17\03-01-02-01-02-01-17.wav
calm,kaggle/Ravdess/audio_speech_actors_01-24/Actor_17\03-01-02-01-02-02-17.wav
calm,kaggle/Ravdess/audio_speech_actors_01-24/Actor_17\03-01-02-02-01-01-17.wav
calm,kaggle/Ravdess/audio_speech_actors_01-24/Actor_17\03-01-02-02-01-02-17.wav
calm,kaggle/Ravdess/audio_speech_actors_01-24/Actor_17\03-01-02-02-02-01-17.wav
calm,kaggle/Ravdess/audio_speech_actors_01-24/Actor_17\03-01-02-02-02-02-17.wav
happy,kaggle/Ravdess/audio_speech_actors_01-24/Actor_17\03-01-03-01-01-01-17.wav
happy,kaggle/Ravdess/audio_speech_actors_01-24/Actor_17\03-01-03-01-01-02-17.wav
happy,kaggle/Ravdess/audio_speech_actors_01-24/Actor_17\03-01-03-01-02-01-17.wav
happy,kaggle/Ravdess/audio_speech_actors_01-24/Actor_17\03-01-03-01-02-02-17.wav
happy,kaggle/Ravdess/audio_speech_actors_01-24/Actor_17\03-01-03-02-01-01-17.wav
happy,kaggle/Ravdess/audio_speech_actors_01-24/Actor_17\03-01-03-02-01-02-17.wav
happy,kaggle/Ravdess/audio_speech_actors_01-24/Actor_17\03-01-03-02-02-01-17.wav
happy,kaggle/Ravdess/audio_speech_actors_01-24/Actor_17\03-01-03-02-02-02-17.wav
sad,kaggle/Ravdess/audio_speech_actors_01-24/Actor_17\03-01-04-01-01-01-17.wav
sad,kaggle/Ravdess/audio_speech_actors_01-24/Actor_17\03-01-04-01-01-02-17.wav
sad,kaggle/Ravdess/audio_speech_actors_01-24/Actor_17\03-01-04-01-02-01-17.wav
sad,kaggle/Ravdess/audio_speech_actors_01-24/Actor_17\03-01-04-01-02-02-17.wav
sad,kaggle/Ravdess/audio_speech_actors_01-24/Actor_17\03-01-04-02-01-01-17.wav
sad,kaggle/Ravdess/audio_speech_actors_01-24/Actor_17\03-01-04-02-01-02-17.wav
sad,kaggle/Ravdess/audio_speech_actors_01-24/Actor_17\03-01-04-02-02-01-17.wav
sad,kaggle/Ravdess/audio_speech_actors_01-24/Actor_17\03-01-04-02-02-02-17.wav
angry,kaggle/Ravdess/audio_speech_actors_01-24/Actor_17\03-01-05-01-01-01-17.wav
angry,kaggle/Ravdess/audio_speech_actors_01-24/Actor_17\03-01-05-01-01-02-17.wav
angry,kaggle/Ravdess/audio_speech_actors_01-24/Actor_17\03-01-05-01-02-01-17.wav
angry,kaggle/Ravdess/audio_speech_actors_01-24/Actor_17\03-01-05-01-02-02-17.wav
angry,kaggle/Ravdess/audio_speech_actors_01-24/Actor_17\03-01-05-02-01-01-17.wav
angry,kaggle/Ravdess/audio_speech_actors_01-24/Actor_17\03-01-05-02-01-02-17.wav
angry,kaggle/Ravdess/audio_speech_actors_01-24/Actor_17\03-01-05-02-02-01-17.wav
angry,kaggle/Ravdess/audio_speech_actors_01-24/Actor_17\03-01-05-02-02-02-17.wav
fearful,kaggle/Ravdess/audio_speech_actors_01-24/Actor_17\03-01-06-01-01-01-17.wav
fearful,kaggle/Ravdess/audio_speech_actors_01-24/Actor_17\03-01-06-01-01-02-17.wav
fearful,kaggle/Ravdess/audio_speech_actors_01-24/Actor_17\03-01-06-01-02-01-17.wav
fearful,kaggle/Ravdess/audio_speech_actors_01-24/Actor_17\03-01-06-01-02-02-17.wav
fearful,kaggle/Ravdess/audio_speech_actors_01-24/Actor_17\03-01-06-02-01-01-17.wav
fearful,kaggle/Ravdess/audio_speech_actors_01-24/Actor_17\03-01-06-02-01-02-17.wav
fearful,kaggle/Ravdess/audio_speech_actors_01-24/Actor_17\03-01-06-02-02-01-17.wav
fearful,kaggle/Ravdess/audio_speech_actors_01-24/Actor_17\03-01-06-02-02-02-17.wav
disgust,kaggle/Ravdess/audio_speech_actors_01-24/Actor_17\03-01-07-01-01-01-17.wav
disgust,kaggle/Ravdess/audio_speech_actors_01-24/Actor_17\03-01-07-01-01-02-17.wav
disgust,kaggle/Ravdess/audio_speech_actors_01-24/Actor_17\03-01-07-01-02-01-17.wav
disgust,kaggle/Ravdess/audio_speech_actors_01-24/Actor_17\03-01-07-01-02-02-17.wav
disgust,kaggle/Ravdess/audio_speech_actors_01-24/Actor_17\03-01-07-02-01-01-17.wav
disgust,kaggle/Ravdess/audio_speech_actors_01-24/Actor_17\03-01-07-02-01-02-17.wav
disgust,kaggle/Ravdess/audio_speech_actors_01-24/Actor_17\03-01-07-02-02-01-17.wav
disgust,kaggle/Ravdess/audio_speech_actors_01-24/Actor_17\03-01-07-02-02-02-17.wav
surprise,kaggle/Ravdess/audio_speech_actors_01-24/Actor_17\03-01-08-01-01-01-17.wav
surprise,kaggle/Ravdess/audio_speech_actors_01-24/Actor_17\03-01-08-01-01-02-17.wav
surprise,kaggle/Ravdess/audio_speech_actors_01-24/Actor_17\03-01-08-01-02-01-17.wav
surprise,kaggle/Ravdess/audio_speech_actors_01-24/Actor_17\03-01-08-01-02-02-17.wav
surprise,kaggle/Ravdess/audio_speech_actors_01-24/Actor_17\03-01-08-02-01-01-17.wav
surprise,kaggle/Ravdess/audio_speech_actors_01-24/Actor_17\03-01-08-02-01-02-17.wav
surprise,kaggle/Ravdess/audio_speech_actors_01-24/Actor_17\03-01-08-02-02-01-17.wav
surprise,kaggle/Ravdess/audio_speech_actors_01-24/Actor_17\03-01-08-02-02-02-17.wav
neutral,kaggle/Ravdess/audio_speech_actors_01-24/Actor_18\03-01-01-01-01-01-18.wav
neutral,kaggle/Ravdess/audio_speech_actors_01-24/Actor_18\03-01-01-01-01-02-18.wav
neutral,kaggle/Ravdess/audio_speech_actors_01-24/Actor_18\03-01-01-01-02-01-18.wav
neutral,kaggle/Ravdess/audio_speech_actors_01-24/Actor_18\03-01-01-01-02-02-18.wav
calm,kaggle/Ravdess/audio_speech_actors_01-24/Actor_18\03-01-02-01-01-01-18.wav
calm,kaggle/Ravdess/audio_speech_actors_01-24/Actor_18\03-01-02-01-01-02-18.wav
calm,kaggle/Ravdess/audio_speech_actors_01-24/Actor_18\03-01-02-01-02-01-18.wav
calm,kaggle/Ravdess/audio_speech_actors_01-24/Actor_18\03-01-02-01-02-02-18.wav
calm,kaggle/Ravdess/audio_speech_actors_01-24/Actor_18\03-01-02-02-01-01-18.wav
calm,kaggle/Ravdess/audio_speech_actors_01-24/Actor_18\03-01-02-02-01-02-18.wav
calm,kaggle/Ravdess/audio_speech_actors_01-24/Actor_18\03-01-02-02-02-01-18.wav
calm,kaggle/Ravdess/audio_speech_actors_01-24/Actor_18\03-01-02-02-02-02-18.wav
happy,kaggle/Ravdess/audio_speech_actors_01-24/Actor_18\03-01-03-01-01-01-18.wav
happy,kaggle/Ravdess/audio_speech_actors_01-24/Actor_18\03-01-03-01-01-02-18.wav
happy,kaggle/Ravdess/audio_speech_actors_01-24/Actor_18\03-01-03-01-02-01-18.wav
happy,kaggle/Ravdess/audio_speech_actors_01-24/Actor_18\03-01-03-01-02-02-18.wav
happy,kaggle/Ravdess/audio_speech_actors_01-24/Actor_18\03-01-03-02-01-01-18.wav
happy,kaggle/Ravdess/audio_speech_actors_01-24/Actor_18\03-01-03-02-01-02-18.wav
happy,kaggle/Ravdess/audio_speech_actors_01-24/Actor_18\03-01-03-02-02-01-18.wav
happy,kaggle/Ravdess/audio_speech_actors_01-24/Actor_18\03-01-03-02-02-02-18.wav
sad,kaggle/Ravdess/audio_speech_actors_01-24/Actor_18\03-01-04-01-01-01-18.wav
sad,kaggle/Ravdess/audio_speech_actors_01-24/Actor_18\03-01-04-01-01-02-18.wav
sad,kaggle/Ravdess/audio_speech_actors_01-24/Actor_18\03-01-04-01-02-01-18.wav
sad,kaggle/Ravdess/audio_speech_actors_01-24/Actor_18\03-01-04-01-02-02-18.wav
sad,kaggle/Ravdess/audio_speech_actors_01-24/Actor_18\03-01-04-02-01-01-18.wav
sad,kaggle/Ravdess/audio_speech_actors_01-24/Actor_18\03-01-04-02-01-02-18.wav
sad,kaggle/Ravdess/audio_speech_actors_01-24/Actor_18\03-01-04-02-02-01-18.wav
sad,kaggle/Ravdess/audio_speech_actors_01-24/Actor_18\03-01-04-02-02-02-18.wav
angry,kaggle/Ravdess/audio_speech_actors_01-24/Actor_18\03-01-05-01-01-01-18.wav
angry,kaggle/Ravdess/audio_speech_actors_01-24/Actor_18\03-01-05-01-01-02-18.wav
angry,kaggle/Ravdess/audio_speech_actors_01-24/Actor_18\03-01-05-01-02-01-18.wav
angry,kaggle/Ravdess/audio_speech_actors_01-24/Actor_18\03-01-05-01-02-02-18.wav
angry,kaggle/Ravdess/audio_speech_actors_01-24/Actor_18\03-01-05-02-01-01-18.wav
angry,kaggle/Ravdess/audio_speech_actors_01-24/Actor_18\03-01-05-02-01-02-18.wav
angry,kaggle/Ravdess/audio_speech_actors_01-24/Actor_18\03-01-05-02-02-01-18.wav
angry,kaggle/Ravdess/audio_speech_actors_01-24/Actor_18\03-01-05-02-02-02-18.wav
fearful,kaggle/Ravdess/audio_speech_actors_01-24/Actor_18\03-01-06-01-01-01-18.wav
fearful,kaggle/Ravdess/audio_speech_actors_01-24/Actor_18\03-01-06-01-01-02-18.wav
fearful,kaggle/Ravdess/audio_speech_actors_01-24/Actor_18\03-01-06-01-02-01-18.wav
fearful,kaggle/Ravdess/audio_speech_actors_01-24/Actor_18\03-01-06-01-02-02-18.wav
fearful,kaggle/Ravdess/audio_speech_actors_01-24/Actor_18\03-01-06-02-01-01-18.wav
fearful,kaggle/Ravdess/audio_speech_actors_01-24/Actor_18\03-01-06-02-01-02-18.wav
fearful,kaggle/Ravdess/audio_speech_actors_01-24/Actor_18\03-01-06-02-02-01-18.wav
fearful,kaggle/Ravdess/audio_speech_actors_01-24/Actor_18\03-01-06-02-02-02-18.wav
disgust,kaggle/Ravdess/audio_speech_actors_01-24/Actor_18\03-01-07-01-01-01-18.wav
disgust,kaggle/Ravdess/audio_speech_actors_01-24/Actor_18\03-01-07-01-01-02-18.wav
disgust,kaggle/Ravdess/audio_speech_actors_01-24/Actor_18\03-01-07-01-02-01-18.wav
disgust,kaggle/Ravdess/audio_speech_actors_01-24/Actor_18\03-01-07-01-02-02-18.wav
disgust,kaggle/Ravdess/audio_speech_actors_01-24/Actor_18\03-01-07-02-01-01-18.wav
disgust,kaggle/Ravdess/audio_speech_actors_01-24/Actor_18\03-01-07-02-01-02-18.wav
disgust,kaggle/Ravdess/audio_speech_actors_01-24/Actor_18\03-01-07-02-02-01-18.wav
disgust,kaggle/Ravdess/audio_speech_actors_01-24/Actor_18\03-01-07-02-02-02-18.wav
surprise,kaggle/Ravdess/audio_speech_actors_01-24/Actor_18\03-01-08-01-01-01-18.wav
surprise,kaggle/Ravdess/audio_speech_actors_01-24/Actor_18\03-01-08-01-01-02-18.wav
surprise,kaggle/Ravdess/audio_speech_actors_01-24/Actor_18\03-01-08-01-02-01-18.wav
surprise,kaggle/Ravdess/audio_speech_actors_01-24/Actor_18\03-01-08-01-02-02-18.wav
surprise,kaggle/Ravdess/audio_speech_actors_01-24/Actor_18\03-01-08-02-01-01-18.wav
surprise,kaggle/Ravdess/audio_speech_actors_01-24/Actor_18\03-01-08-02-01-02-18.wav
surprise,kaggle/Ravdess/audio_speech_actors_01-24/Actor_18\03-01-08-02-02-01-18.wav
surprise,kaggle/Ravdess/audio_speech_actors_01-24/Actor_18\03-01-08-02-02-02-18.wav
neutral,kaggle/Ravdess/audio_speech_actors_01-24/Actor_19\03-01-01-01-01-01-19.wav
neutral,kaggle/Ravdess/audio_speech_actors_01-24/Actor_19\03-01-01-01-01-02-19.wav
neutral,kaggle/Ravdess/audio_speech_actors_01-24/Actor_19\03-01-01-01-02-01-19.wav
neutral,kaggle/Ravdess/audio_speech_actors_01-24/Actor_19\03-01-01-01-02-02-19.wav
calm,kaggle/Ravdess/audio_speech_actors_01-24/Actor_19\03-01-02-01-01-01-19.wav
calm,kaggle/Ravdess/audio_speech_actors_01-24/Actor_19\03-01-02-01-01-02-19.wav
calm,kaggle/Ravdess/audio_speech_actors_01-24/Actor_19\03-01-02-01-02-01-19.wav
calm,kaggle/Ravdess/audio_speech_actors_01-24/Actor_19\03-01-02-01-02-02-19.wav
calm,kaggle/Ravdess/audio_speech_actors_01-24/Actor_19\03-01-02-02-01-01-19.wav
calm,kaggle/Ravdess/audio_speech_actors_01-24/Actor_19\03-01-02-02-01-02-19.wav
calm,kaggle/Ravdess/audio_speech_actors_01-24/Actor_19\03-01-02-02-02-01-19.wav
calm,kaggle/Ravdess/audio_speech_actors_01-24/Actor_19\03-01-02-02-02-02-19.wav
happy,kaggle/Ravdess/audio_speech_actors_01-24/Actor_19\03-01-03-01-01-01-19.wav
happy,kaggle/Ravdess/audio_speech_actors_01-24/Actor_19\03-01-03-01-01-02-19.wav
happy,kaggle/Ravdess/audio_speech_actors_01-24/Actor_19\03-01-03-01-02-01-19.wav
happy,kaggle/Ravdess/audio_speech_actors_01-24/Actor_19\03-01-03-01-02-02-19.wav
happy,kaggle/Ravdess/audio_speech_actors_01-24/Actor_19\03-01-03-02-01-01-19.wav
happy,kaggle/Ravdess/audio_speech_actors_01-24/Actor_19\03-01-03-02-01-02-19.wav
happy,kaggle/Ravdess/audio_speech_actors_01-24/Actor_19\03-01-03-02-02-01-19.wav
happy,kaggle/Ravdess/audio_speech_actors_01-24/Actor_19\03-01-03-02-02-02-19.wav
sad,kaggle/Ravdess/audio_speech_actors_01-24/Actor_19\03-01-04-01-01-01-19.wav
sad,kaggle/Ravdess/audio_speech_actors_01-24/Actor_19\03-01-04-01-01-02-19.wav
sad,kaggle/Ravdess/audio_speech_actors_01-24/Actor_19\03-01-04-01-02-01-19.wav
sad,kaggle/Ravdess/audio_speech_actors_01-24/Actor_19\03-01-04-01-02-02-19.wav
sad,kaggle/Ravdess/audio_speech_actors_01-24/Actor_19\03-01-04-02-01-01-19.wav
sad,kaggle/Ravdess/audio_speech_actors_01-24/Actor_19\03-01-04-02-01-02-19.wav
sad,kaggle/Ravdess/audio_speech_actors_01-24/Actor_19\03-01-04-02-02-01-19.wav
sad,kaggle/Ravdess/audio_speech_actors_01-24/Actor_19\03-01-04-02-02-02-19.wav
angry,kaggle/Ravdess/audio_speech_actors_01-24/Actor_19\03-01-05-01-01-01-19.wav
angry,kaggle/Ravdess/audio_speech_actors_01-24/Actor_19\03-01-05-01-01-02-19.wav
angry,kaggle/Ravdess/audio_speech_actors_01-24/Actor_19\03-01-05-01-02-01-19.wav
angry,kaggle/Ravdess/audio_speech_actors_01-24/Actor_19\03-01-05-01-02-02-19.wav
angry,kaggle/Ravdess/audio_speech_actors_01-24/Actor_19\03-01-05-02-01-01-19.wav
angry,kaggle/Ravdess/audio_speech_actors_01-24/Actor_19\03-01-05-02-01-02-19.wav
angry,kaggle/Ravdess/audio_speech_actors_01-24/Actor_19\03-01-05-02-02-01-19.wav
angry,kaggle/Ravdess/audio_speech_actors_01-24/Actor_19\03-01-05-02-02-02-19.wav
fearful,kaggle/Ravdess/audio_speech_actors_01-24/Actor_19\03-01-06-01-01-01-19.wav
fearful,kaggle/Ravdess/audio_speech_actors_01-24/Actor_19\03-01-06-01-01-02-19.wav
fearful,kaggle/Ravdess/audio_speech_actors_01-24/Actor_19\03-01-06-01-02-01-19.wav
fearful,kaggle/Ravdess/audio_speech_actors_01-24/Actor_19\03-01-06-01-02-02-19.wav
fearful,kaggle/Ravdess/audio_speech_actors_01-24/Actor_19\03-01-06-02-01-01-19.wav
fearful,kaggle/Ravdess/audio_speech_actors_01-24/Actor_19\03-01-06-02-01-02-19.wav
fearful,kaggle/Ravdess/audio_speech_actors_01-24/Actor_19\03-01-06-02-02-01-19.wav
fearful,kaggle/Ravdess/audio_speech_actors_01-24/Actor_19\03-01-06-02-02-02-19.wav
disgust,kaggle/Ravdess/audio_speech_actors_01-24/Actor_19\03-01-07-01-01-01-19.wav
disgust,kaggle/Ravdess/audio_speech_actors_01-24/Actor_19\03-01-07-01-01-02-19.wav
disgust,kaggle/Ravdess/audio_speech_actors_01-24/Actor_19\03-01-07-01-02-01-19.wav
disgust,kaggle/Ravdess/audio_speech_actors_01-24/Actor_19\03-01-07-01-02-02-19.wav
disgust,kaggle/Ravdess/audio_speech_actors_01-24/Actor_19\03-01-07-02-01-01-19.wav
disgust,kaggle/Ravdess/audio_speech_actors_01-24/Actor_19\03-01-07-02-01-02-19.wav
disgust,kaggle/Ravdess/audio_speech_actors_01-24/Actor_19\03-01-07-02-02-01-19.wav
disgust,kaggle/Ravdess/audio_speech_actors_01-24/Actor_19\03-01-07-02-02-02-19.wav
surprise,kaggle/Ravdess/audio_speech_actors_01-24/Actor_19\03-01-08-01-01-01-19.wav
surprise,kaggle/Ravdess/audio_speech_actors_01-24/Actor_19\03-01-08-01-01-02-19.wav
surprise,kaggle/Ravdess/audio_speech_actors_01-24/Actor_19\03-01-08-01-02-01-19.wav
surprise,kaggle/Ravdess/audio_speech_actors_01-24/Actor_19\03-01-08-01-02-02-19.wav
surprise,kaggle/Ravdess/audio_speech_actors_01-24/Actor_19\03-01-08-02-01-01-19.wav
surprise,kaggle/Ravdess/audio_speech_actors_01-24/Actor_19\03-01-08-02-01-02-19.wav
surprise,kaggle/Ravdess/audio_speech_actors_01-24/Actor_19\03-01-08-02-02-01-19.wav
surprise,kaggle/Ravdess/audio_speech_actors_01-24/Actor_19\03-01-08-02-02-02-19.wav
neutral,kaggle/Ravdess/audio_speech_actors_01-24/Actor_20\03-01-01-01-01-01-20.wav
neutral,kaggle/Ravdess/audio_speech_actors_01-24/Actor_20\03-01-01-01-01-02-20.wav
neutral,kaggle/Ravdess/audio_speech_actors_01-24/Actor_20\03-01-01-01-02-01-20.wav
neutral,kaggle/Ravdess/audio_speech_actors_01-24/Actor_20\03-01-01-01-02-02-20.wav
calm,kaggle/Ravdess/audio_speech_actors_01-24/Actor_20\03-01-02-01-01-01-20.wav
calm,kaggle/Ravdess/audio_speech_actors_01-24/Actor_20\03-01-02-01-01-02-20.wav
calm,kaggle/Ravdess/audio_speech_actors_01-24/Actor_20\03-01-02-01-02-01-20.wav
calm,kaggle/Ravdess/audio_speech_actors_01-24/Actor_20\03-01-02-01-02-02-20.wav
calm,kaggle/Ravdess/audio_speech_actors_01-24/Actor_20\03-01-02-02-01-01-20.wav
calm,kaggle/Ravdess/audio_speech_actors_01-24/Actor_20\03-01-02-02-01-02-20.wav
calm,kaggle/Ravdess/audio_speech_actors_01-24/Actor_20\03-01-02-02-02-01-20.wav
calm,kaggle/Ravdess/audio_speech_actors_01-24/Actor_20\03-01-02-02-02-02-20.wav
happy,kaggle/Ravdess/audio_speech_actors_01-24/Actor_20\03-01-03-01-01-01-20.wav
happy,kaggle/Ravdess/audio_speech_actors_01-24/Actor_20\03-01-03-01-01-02-20.wav
happy,kaggle/Ravdess/audio_speech_actors_01-24/Actor_20\03-01-03-01-02-01-20.wav
happy,kaggle/Ravdess/audio_speech_actors_01-24/Actor_20\03-01-03-01-02-02-20.wav
happy,kaggle/Ravdess/audio_speech_actors_01-24/Actor_20\03-01-03-02-01-01-20.wav
happy,kaggle/Ravdess/audio_speech_actors_01-24/Actor_20\03-01-03-02-01-02-20.wav
happy,kaggle/Ravdess/audio_speech_actors_01-24/Actor_20\03-01-03-02-02-01-20.wav
happy,kaggle/Ravdess/audio_speech_actors_01-24/Actor_20\03-01-03-02-02-02-20.wav
sad,kaggle/Ravdess/audio_speech_actors_01-24/Actor_20\03-01-04-01-01-01-20.wav
sad,kaggle/Ravdess/audio_speech_actors_01-24/Actor_20\03-01-04-01-01-02-20.wav
sad,kaggle/Ravdess/audio_speech_actors_01-24/Actor_20\03-01-04-01-02-01-20.wav
sad,kaggle/Ravdess/audio_speech_actors_01-24/Actor_20\03-01-04-01-02-02-20.wav
sad,kaggle/Ravdess/audio_speech_actors_01-24/Actor_20\03-01-04-02-01-01-20.wav
sad,kaggle/Ravdess/audio_speech_actors_01-24/Actor_20\03-01-04-02-01-02-20.wav
sad,kaggle/Ravdess/audio_speech_actors_01-24/Actor_20\03-01-04-02-02-01-20.wav
sad,kaggle/Ravdess/audio_speech_actors_01-24/Actor_20\03-01-04-02-02-02-20.wav
angry,kaggle/Ravdess/audio_speech_actors_01-24/Actor_20\03-01-05-01-01-01-20.wav
angry,kaggle/Ravdess/audio_speech_actors_01-24/Actor_20\03-01-05-01-01-02-20.wav
angry,kaggle/Ravdess/audio_speech_actors_01-24/Actor_20\03-01-05-01-02-01-20.wav
angry,kaggle/Ravdess/audio_speech_actors_01-24/Actor_20\03-01-05-01-02-02-20.wav
angry,kaggle/Ravdess/audio_speech_actors_01-24/Actor_20\03-01-05-02-01-01-20.wav
angry,kaggle/Ravdess/audio_speech_actors_01-24/Actor_20\03-01-05-02-01-02-20.wav
angry,kaggle/Ravdess/audio_speech_actors_01-24/Actor_20\03-01-05-02-02-01-20.wav
angry,kaggle/Ravdess/audio_speech_actors_01-24/Actor_20\03-01-05-02-02-02-20.wav
fearful,kaggle/Ravdess/audio_speech_actors_01-24/Actor_20\03-01-06-01-01-01-20.wav
fearful,kaggle/Ravdess/audio_speech_actors_01-24/Actor_20\03-01-06-01-01-02-20.wav
fearful,kaggle/Ravdess/audio_speech_actors_01-24/Actor_20\03-01-06-01-02-01-20.wav
fearful,kaggle/Ravdess/audio_speech_actors_01-24/Actor_20\03-01-06-01-02-02-20.wav
fearful,kaggle/Ravdess/audio_speech_actors_01-24/Actor_20\03-01-06-02-01-01-20.wav
fearful,kaggle/Ravdess/audio_speech_actors_01-24/Actor_20\03-01-06-02-01-02-20.wav
fearful,kaggle/Ravdess/audio_speech_actors_01-24/Actor_20\03-01-06-02-02-01-20.wav
fearful,kaggle/Ravdess/audio_speech_actors_01-24/Actor_20\03-01-06-02-02-02-20.wav
disgust,kaggle/Ravdess/audio_speech_actors_01-24/Actor_20\03-01-07-01-01-01-20.wav
disgust,kaggle/Ravdess/audio_speech_actors_01-24/Actor_20\03-01-07-01-01-02-20.wav
disgust,kaggle/Ravdess/audio_speech_actors_01-24/Actor_20\03-01-07-01-02-01-20.wav
disgust,kaggle/Ravdess/audio_speech_actors_01-24/Actor_20\03-01-07-01-02-02-20.wav
disgust,kaggle/Ravdess/audio_speech_actors_01-24/Actor_20\03-01-07-02-01-01-20.wav
disgust,kaggle/Ravdess/audio_speech_actors_01-24/Actor_20\03-01-07-02-01-02-20.wav
disgust,kaggle/Ravdess/audio_speech_actors_01-24/Actor_20\03-01-07-02-02-01-20.wav
disgust,kaggle/Ravdess/audio_speech_actors_01-24/Actor_20\03-01-07-02-02-02-20.wav
surprise,kaggle/Ravdess/audio_speech_actors_01-24/Actor_20\03-01-08-01-01-01-20.wav
surprise,kaggle/Ravdess/audio_speech_actors_01-24/Actor_20\03-01-08-01-01-02-20.wav
surprise,kaggle/Ravdess/audio_speech_actors_01-24/Actor_20\03-01-08-01-02-01-20.wav
surprise,kaggle/Ravdess/audio_speech_actors_01-24/Actor_20\03-01-08-01-02-02-20.wav
surprise,kaggle/Ravdess/audio_speech_actors_01-24/Actor_20\03-01-08-02-01-01-20.wav
surprise,kaggle/Ravdess/audio_speech_actors_01-24/Actor_20\03-01-08-02-01-02-20.wav
surprise,kaggle/Ravdess/audio_speech_actors_01-24/Actor_20\03-01-08-02-02-01-20.wav
surprise,kaggle/Ravdess/audio_speech_actors_01-24/Actor_20\03-01-08-02-02-02-20.wav
neutral,kaggle/Ravdess/audio_speech_actors_01-24/Actor_21\03-01-01-01-01-01-21.wav
neutral,kaggle/Ravdess/audio_speech_actors_01-24/Actor_21\03-01-01-01-01-02-21.wav
neutral,kaggle/Ravdess/audio_speech_actors_01-24/Actor_21\03-01-01-01-02-01-21.wav
neutral,kaggle/Ravdess/audio_speech_actors_01-24/Actor_21\03-01-01-01-02-02-21.wav
calm,kaggle/Ravdess/audio_speech_actors_01-24/Actor_21\03-01-02-01-01-01-21.wav
calm,kaggle/Ravdess/audio_speech_actors_01-24/Actor_21\03-01-02-01-01-02-21.wav
calm,kaggle/Ravdess/audio_speech_actors_01-24/Actor_21\03-01-02-01-02-01-21.wav
calm,kaggle/Ravdess/audio_speech_actors_01-24/Actor_21\03-01-02-01-02-02-21.wav
calm,kaggle/Ravdess/audio_speech_actors_01-24/Actor_21\03-01-02-02-01-01-21.wav
calm,kaggle/Ravdess/audio_speech_actors_01-24/Actor_21\03-01-02-02-01-02-21.wav
calm,kaggle/Ravdess/audio_speech_actors_01-24/Actor_21\03-01-02-02-02-01-21.wav
calm,kaggle/Ravdess/audio_speech_actors_01-24/Actor_21\03-01-02-02-02-02-21.wav
happy,kaggle/Ravdess/audio_speech_actors_01-24/Actor_21\03-01-03-01-01-01-21.wav
happy,kaggle/Ravdess/audio_speech_actors_01-24/Actor_21\03-01-03-01-01-02-21.wav
happy,kaggle/Ravdess/audio_speech_actors_01-24/Actor_21\03-01-03-01-02-01-21.wav
happy,kaggle/Ravdess/audio_speech_actors_01-24/Actor_21\03-01-03-01-02-02-21.wav
happy,kaggle/Ravdess/audio_speech_actors_01-24/Actor_21\03-01-03-02-01-01-21.wav
happy,kaggle/Ravdess/audio_speech_actors_01-24/Actor_21\03-01-03-02-01-02-21.wav
happy,kaggle/Ravdess/audio_speech_actors_01-24/Actor_21\03-01-03-02-02-01-21.wav
happy,kaggle/Ravdess/audio_speech_actors_01-24/Actor_21\03-01-03-02-02-02-21.wav
sad,kaggle/Ravdess/audio_speech_actors_01-24/Actor_21\03-01-04-01-01-01-21.wav
sad,kaggle/Ravdess/audio_speech_actors_01-24/Actor_21\03-01-04-01-01-02-21.wav
sad,kaggle/Ravdess/audio_speech_actors_01-24/Actor_21\03-01-04-01-02-01-21.wav
sad,kaggle/Ravdess/audio_speech_actors_01-24/Actor_21\03-01-04-01-02-02-21.wav
sad,kaggle/Ravdess/audio_speech_actors_01-24/Actor_21\03-01-04-02-01-01-21.wav
sad,kaggle/Ravdess/audio_speech_actors_01-24/Actor_21\03-01-04-02-01-02-21.wav
sad,kaggle/Ravdess/audio_speech_actors_01-24/Actor_21\03-01-04-02-02-01-21.wav
sad,kaggle/Ravdess/audio_speech_actors_01-24/Actor_21\03-01-04-02-02-02-21.wav
angry,kaggle/Ravdess/audio_speech_actors_01-24/Actor_21\03-01-05-01-01-01-21.wav
angry,kaggle/Ravdess/audio_speech_actors_01-24/Actor_21\03-01-05-01-01-02-21.wav
angry,kaggle/Ravdess/audio_speech_actors_01-24/Actor_21\03-01-05-01-02-01-21.wav
angry,kaggle/Ravdess/audio_speech_actors_01-24/Actor_21\03-01-05-01-02-02-21.wav
angry,kaggle/Ravdess/audio_speech_actors_01-24/Actor_21\03-01-05-02-01-01-21.wav
angry,kaggle/Ravdess/audio_speech_actors_01-24/Actor_21\03-01-05-02-01-02-21.wav
angry,kaggle/Ravdess/audio_speech_actors_01-24/Actor_21\03-01-05-02-02-01-21.wav
angry,kaggle/Ravdess/audio_speech_actors_01-24/Actor_21\03-01-05-02-02-02-21.wav
fearful,kaggle/Ravdess/audio_speech_actors_01-24/Actor_21\03-01-06-01-01-01-21.wav
fearful,kaggle/Ravdess/audio_speech_actors_01-24/Actor_21\03-01-06-01-01-02-21.wav
fearful,kaggle/Ravdess/audio_speech_actors_01-24/Actor_21\03-01-06-01-02-01-21.wav
fearful,kaggle/Ravdess/audio_speech_actors_01-24/Actor_21\03-01-06-01-02-02-21.wav
fearful,kaggle/Ravdess/audio_speech_actors_01-24/Actor_21\03-01-06-02-01-01-21.wav
fearful,kaggle/Ravdess/audio_speech_actors_01-24/Actor_21\03-01-06-02-01-02-21.wav
fearful,kaggle/Ravdess/audio_speech_actors_01-24/Actor_21\03-01-06-02-02-01-21.wav
fearful,kaggle/Ravdess/audio_speech_actors_01-24/Actor_21\03-01-06-02-02-02-21.wav
disgust,kaggle/Ravdess/audio_speech_actors_01-24/Actor_21\03-01-07-01-01-01-21.wav
disgust,kaggle/Ravdess/audio_speech_actors_01-24/Actor_21\03-01-07-01-01-02-21.wav
disgust,kaggle/Ravdess/audio_speech_actors_01-24/Actor_21\03-01-07-01-02-01-21.wav
disgust,kaggle/Ravdess/audio_speech_actors_01-24/Actor_21\03-01-07-01-02-02-21.wav
disgust,kaggle/Ravdess/audio_speech_actors_01-24/Actor_21\03-01-07-02-01-01-21.wav
disgust,kaggle/Ravdess/audio_speech_actors_01-24/Actor_21\03-01-07-02-01-02-21.wav
disgust,kaggle/Ravdess/audio_speech_actors_01-24/Actor_21\03-01-07-02-02-01-21.wav
disgust,kaggle/Ravdess/audio_speech_actors_01-24/Actor_21\03-01-07-02-02-02-21.wav
surprise,kaggle/Ravdess/audio_speech_actors_01-24/Actor_21\03-01-08-01-01-01-21.wav
surprise,kaggle/Ravdess/audio_speech_actors_01-24/Actor_21\03-01-08-01-01-02-21.wav
surprise,kaggle/Ravdess/audio_speech_actors_01-24/Actor_21\03-01-08-01-02-01-21.wav
surprise,kaggle/Ravdess/audio_speech_actors_01-24/Actor_21\03-01-08-01-02-02-21.wav
surprise,kaggle/Ravdess/audio_speech_actors_01-24/Actor_21\03-01-08-02-01-01-21.wav
surprise,kaggle/Ravdess/audio_speech_actors_01-24/Actor_21\03-01-08-02-01-02-21.wav
surprise,kaggle/Ravdess/audio_speech_actors_01-24/Actor_21\03-01-08-02-02-01-21.wav
surprise,kaggle/Ravdess/audio_speech_actors_01-24/Actor_21\03-01-08-02-02-02-21.wav
neutral,kaggle/Ravdess/audio_speech_actors_01-24/Actor_22\03-01-01-01-01-01-22.wav
neutral,kaggle/Ravdess/audio_speech_actors_01-24/Actor_22\03-01-01-01-01-02-22.wav
neutral,kaggle/Ravdess/audio_speech_actors_01-24/Actor_22\03-01-01-01-02-01-22.wav
neutral,kaggle/Ravdess/audio_speech_actors_01-24/Actor_22\03-01-01-01-02-02-22.wav
calm,kaggle/Ravdess/audio_speech_actors_01-24/Actor_22\03-01-02-01-01-01-22.wav
calm,kaggle/Ravdess/audio_speech_actors_01-24/Actor_22\03-01-02-01-01-02-22.wav
calm,kaggle/Ravdess/audio_speech_actors_01-24/Actor_22\03-01-02-01-02-01-22.wav
calm,kaggle/Ravdess/audio_speech_actors_01-24/Actor_22\03-01-02-01-02-02-22.wav
calm,kaggle/Ravdess/audio_speech_actors_01-24/Actor_22\03-01-02-02-01-01-22.wav
calm,kaggle/Ravdess/audio_speech_actors_01-24/Actor_22\03-01-02-02-01-02-22.wav
calm,kaggle/Ravdess/audio_speech_actors_01-24/Actor_22\03-01-02-02-02-01-22.wav
calm,kaggle/Ravdess/audio_speech_actors_01-24/Actor_22\03-01-02-02-02-02-22.wav
happy,kaggle/Ravdess/audio_speech_actors_01-24/Actor_22\03-01-03-01-01-01-22.wav
happy,kaggle/Ravdess/audio_speech_actors_01-24/Actor_22\03-01-03-01-01-02-22.wav
happy,kaggle/Ravdess/audio_speech_actors_01-24/Actor_22\03-01-03-01-02-01-22.wav
happy,kaggle/Ravdess/audio_speech_actors_01-24/Actor_22\03-01-03-01-02-02-22.wav
happy,kaggle/Ravdess/audio_speech_actors_01-24/Actor_22\03-01-03-02-01-01-22.wav
happy,kaggle/Ravdess/audio_speech_actors_01-24/Actor_22\03-01-03-02-01-02-22.wav
happy,kaggle/Ravdess/audio_speech_actors_01-24/Actor_22\03-01-03-02-02-01-22.wav
happy,kaggle/Ravdess/audio_speech_actors_01-24/Actor_22\03-01-03-02-02-02-22.wav
sad,kaggle/Ravdess/audio_speech_actors_01-24/Actor_22\03-01-04-01-01-01-22.wav
sad,kaggle/Ravdess/audio_speech_actors_01-24/Actor_22\03-01-04-01-01-02-22.wav
sad,kaggle/Ravdess/audio_speech_actors_01-24/Actor_22\03-01-04-01-02-01-22.wav
sad,kaggle/Ravdess/audio_speech_actors_01-24/Actor_22\03-01-04-01-02-02-22.wav
sad,kaggle/Ravdess/audio_speech_actors_01-24/Actor_22\03-01-04-02-01-01-22.wav
sad,kaggle/Ravdess/audio_speech_actors_01-24/Actor_22\03-01-04-02-01-02-22.wav
sad,kaggle/Ravdess/audio_speech_actors_01-24/Actor_22\03-01-04-02-02-01-22.wav
sad,kaggle/Ravdess/audio_speech_actors_01-24/Actor_22\03-01-04-02-02-02-22.wav
angry,kaggle/Ravdess/audio_speech_actors_01-24/Actor_22\03-01-05-01-01-01-22.wav
angry,kaggle/Ravdess/audio_speech_actors_01-24/Actor_22\03-01-05-01-01-02-22.wav
angry,kaggle/Ravdess/audio_speech_actors_01-24/Actor_22\03-01-05-01-02-01-22.wav
angry,kaggle/Ravdess/audio_speech_actors_01-24/Actor_22\03-01-05-01-02-02-22.wav
angry,kaggle/Ravdess/audio_speech_actors_01-24/Actor_22\03-01-05-02-01-01-22.wav
angry,kaggle/Ravdess/audio_speech_actors_01-24/Actor_22\03-01-05-02-01-02-22.wav
angry,kaggle/Ravdess/audio_speech_actors_01-24/Actor_22\03-01-05-02-02-01-22.wav
angry,kaggle/Ravdess/audio_speech_actors_01-24/Actor_22\03-01-05-02-02-02-22.wav
fearful,kaggle/Ravdess/audio_speech_actors_01-24/Actor_22\03-01-06-01-01-01-22.wav
fearful,kaggle/Ravdess/audio_speech_actors_01-24/Actor_22\03-01-06-01-01-02-22.wav
fearful,kaggle/Ravdess/audio_speech_actors_01-24/Actor_22\03-01-06-01-02-01-22.wav
fearful,kaggle/Ravdess/audio_speech_actors_01-24/Actor_22\03-01-06-01-02-02-22.wav
fearful,kaggle/Ravdess/audio_speech_actors_01-24/Actor_22\03-01-06-02-01-01-22.wav
fearful,kaggle/Ravdess/audio_speech_actors_01-24/Actor_22\03-01-06-02-01-02-22.wav
fearful,kaggle/Ravdess/audio_speech_actors_01-24/Actor_22\03-01-06-02-02-01-22.wav
fearful,kaggle/Ravdess/audio_speech_actors_01-24/Actor_22\03-01-06-02-02-02-22.wav
disgust,kaggle/Ravdess/audio_speech_actors_01-24/Actor_22\03-01-07-01-01-01-22.wav
disgust,kaggle/Ravdess/audio_speech_actors_01-24/Actor_22\03-01-07-01-01-02-22.wav
disgust,kaggle/Ravdess/audio_speech_actors_01-24/Actor_22\03-01-07-01-02-01-22.wav
disgust,kaggle/Ravdess/audio_speech_actors_01-24/Actor_22\03-01-07-01-02-02-22.wav
disgust,kaggle/Ravdess/audio_speech_actors_01-24/Actor_22\03-01-07-02-01-01-22.wav
disgust,kaggle/Ravdess/audio_speech_actors_01-24/Actor_22\03-01-07-02-01-02-22.wav
disgust,kaggle/Ravdess/audio_speech_actors_01-24/Actor_22\03-01-07-02-02-01-22.wav
disgust,kaggle/Ravdess/audio_speech_actors_01-24/Actor_22\03-01-07-02-02-02-22.wav
surprise,kaggle/Ravdess/audio_speech_actors_01-24/Actor_22\03-01-08-01-01-01-22.wav
surprise,kaggle/Ravdess/audio_speech_actors_01-24/Actor_22\03-01-08-01-01-02-22.wav
surprise,kaggle/Ravdess/audio_speech_actors_01-24/Actor_22\03-01-08-01-02-01-22.wav
surprise,kaggle/Ravdess/audio_speech_actors_01-24/Actor_22\03-01-08-01-02-02-22.wav
surprise,kaggle/Ravdess/audio_speech_actors_01-24/Actor_22\03-01-08-02-01-01-22.wav
surprise,kaggle/Ravdess/audio_speech_actors_01-24/Actor_22\03-01-08-02-01-02-22.wav
surprise,kaggle/Ravdess/audio_speech_actors_01-24/Actor_22\03-01-08-02-02-01-22.wav
surprise,kaggle/Ravdess/audio_speech_actors_01-24/Actor_22\03-01-08-02-02-02-22.wav
neutral,kaggle/Ravdess/audio_speech_actors_01-24/Actor_23\03-01-01-01-01-01-23.wav
neutral,kaggle/Ravdess/audio_speech_actors_01-24/Actor_23\03-01-01-01-01-02-23.wav
neutral,kaggle/Ravdess/audio_speech_actors_01-24/Actor_23\03-01-01-01-02-01-23.wav
neutral,kaggle/Ravdess/audio_speech_actors_01-24/Actor_23\03-01-01-01-02-02-23.wav
calm,kaggle/Ravdess/audio_speech_actors_01-24/Actor_23\03-01-02-01-01-01-23.wav
calm,kaggle/Ravdess/audio_speech_actors_01-24/Actor_23\03-01-02-01-01-02-23.wav
calm,kaggle/Ravdess/audio_speech_actors_01-24/Actor_23\03-01-02-01-02-01-23.wav
calm,kaggle/Ravdess/audio_speech_actors_01-24/Actor_23\03-01-02-01-02-02-23.wav
calm,kaggle/Ravdess/audio_speech_actors_01-24/Actor_23\03-01-02-02-01-01-23.wav
calm,kaggle/Ravdess/audio_speech_actors_01-24/Actor_23\03-01-02-02-01-02-23.wav
calm,kaggle/Ravdess/audio_speech_actors_01-24/Actor_23\03-01-02-02-02-01-23.wav
calm,kaggle/Ravdess/audio_speech_actors_01-24/Actor_23\03-01-02-02-02-02-23.wav
happy,kaggle/Ravdess/audio_speech_actors_01-24/Actor_23\03-01-03-01-01-01-23.wav
happy,kaggle/Ravdess/audio_speech_actors_01-24/Actor_23\03-01-03-01-01-02-23.wav
happy,kaggle/Ravdess/audio_speech_actors_01-24/Actor_23\03-01-03-01-02-01-23.wav
happy,kaggle/Ravdess/audio_speech_actors_01-24/Actor_23\03-01-03-01-02-02-23.wav
happy,kaggle/Ravdess/audio_speech_actors_01-24/Actor_23\03-01-03-02-01-01-23.wav
happy,kaggle/Ravdess/audio_speech_actors_01-24/Actor_23\03-01-03-02-01-02-23.wav
happy,kaggle/Ravdess/audio_speech_actors_01-24/Actor_23\03-01-03-02-02-01-23.wav
happy,kaggle/Ravdess/audio_speech_actors_01-24/Actor_23\03-01-03-02-02-02-23.wav
sad,kaggle/Ravdess/audio_speech_actors_01-24/Actor_23\03-01-04-01-01-01-23.wav
sad,kaggle/Ravdess/audio_speech_actors_01-24/Actor_23\03-01-04-01-01-02-23.wav
sad,kaggle/Ravdess/audio_speech_actors_01-24/Actor_23\03-01-04-01-02-01-23.wav
sad,kaggle/Ravdess/audio_speech_actors_01-24/Actor_23\03-01-04-01-02-02-23.wav
sad,kaggle/Ravdess/audio_speech_actors_01-24/Actor_23\03-01-04-02-01-01-23.wav
sad,kaggle/Ravdess/audio_speech_actors_01-24/Actor_23\03-01-04-02-01-02-23.wav
sad,kaggle/Ravdess/audio_speech_actors_01-24/Actor_23\03-01-04-02-02-01-23.wav
sad,kaggle/Ravdess/audio_speech_actors_01-24/Actor_23\03-01-04-02-02-02-23.wav
angry,kaggle/Ravdess/audio_speech_actors_01-24/Actor_23\03-01-05-01-01-01-23.wav
angry,kaggle/Ravdess/audio_speech_actors_01-24/Actor_23\03-01-05-01-01-02-23.wav
angry,kaggle/Ravdess/audio_speech_actors_01-24/Actor_23\03-01-05-01-02-01-23.wav
angry,kaggle/Ravdess/audio_speech_actors_01-24/Actor_23\03-01-05-01-02-02-23.wav
angry,kaggle/Ravdess/audio_speech_actors_01-24/Actor_23\03-01-05-02-01-01-23.wav
angry,kaggle/Ravdess/audio_speech_actors_01-24/Actor_23\03-01-05-02-01-02-23.wav
angry,kaggle/Ravdess/audio_speech_actors_01-24/Actor_23\03-01-05-02-02-01-23.wav
angry,kaggle/Ravdess/audio_speech_actors_01-24/Actor_23\03-01-05-02-02-02-23.wav
fearful,kaggle/Ravdess/audio_speech_actors_01-24/Actor_23\03-01-06-01-01-01-23.wav
fearful,kaggle/Ravdess/audio_speech_actors_01-24/Actor_23\03-01-06-01-01-02-23.wav
fearful,kaggle/Ravdess/audio_speech_actors_01-24/Actor_23\03-01-06-01-02-01-23.wav
fearful,kaggle/Ravdess/audio_speech_actors_01-24/Actor_23\03-01-06-01-02-02-23.wav
fearful,kaggle/Ravdess/audio_speech_actors_01-24/Actor_23\03-01-06-02-01-01-23.wav
fearful,kaggle/Ravdess/audio_speech_actors_01-24/Actor_23\03-01-06-02-01-02-23.wav
fearful,kaggle/Ravdess/audio_speech_actors_01-24/Actor_23\03-01-06-02-02-01-23.wav
fearful,kaggle/Ravdess/audio_speech_actors_01-24/Actor_23\03-01-06-02-02-02-23.wav
disgust,kaggle/Ravdess/audio_speech_actors_01-24/Actor_23\03-01-07-01-01-01-23.wav
disgust,kaggle/Ravdess/audio_speech_actors_01-24/Actor_23\03-01-07-01-01-02-23.wav
disgust,kaggle/Ravdess/audio_speech_actors_01-24/Actor_23\03-01-07-01-02-01-23.wav
disgust,kaggle/Ravdess/audio_speech_actors_01-24/Actor_23\03-01-07-01-02-02-23.wav
disgust,kaggle/Ravdess/audio_speech_actors_01-24/Actor_23\03-01-07-02-01-01-23.wav
disgust,kaggle/Ravdess/audio_speech_actors_01-24/Actor_23\03-01-07-02-01-02-23.wav
disgust,kaggle/Ravdess/audio_speech_actors_01-24/Actor_23\03-01-07-02-02-01-23.wav
disgust,kaggle/Ravdess/audio_speech_actors_01-24/Actor_23\03-01-07-02-02-02-23.wav
surprise,kaggle/Ravdess/audio_speech_actors_01-24/Actor_23\03-01-08-01-01-01-23.wav
surprise,kaggle/Ravdess/audio_speech_actors_01-24/Actor_23\03-01-08-01-01-02-23.wav
surprise,kaggle/Ravdess/audio_speech_actors_01-24/Actor_23\03-01-08-01-02-01-23.wav
surprise,kaggle/Ravdess/audio_speech_actors_01-24/Actor_23\03-01-08-01-02-02-23.wav
surprise,kaggle/Ravdess/audio_speech_actors_01-24/Actor_23\03-01-08-02-01-01-23.wav
surprise,kaggle/Ravdess/audio_speech_actors_01-24/Actor_23\03-01-08-02-01-02-23.wav
surprise,kaggle/Ravdess/audio_speech_actors_01-24/Actor_23\03-01-08-02-02-01-23.wav
surprise,kaggle/Ravdess/audio_speech_actors_01-24/Actor_23\03-01-08-02-02-02-23.wav
neutral,kaggle/Ravdess/audio_speech_actors_01-24/Actor_24\03-01-01-01-01-01-24.wav
neutral,kaggle/Ravdess/audio_speech_actors_01-24/Actor_24\03-01-01-01-01-02-24.wav
neutral,kaggle/Ravdess/audio_speech_actors_01-24/Actor_24\03-01-01-01-02-01-24.wav
neutral,kaggle/Ravdess/audio_speech_actors_01-24/Actor_24\03-01-01-01-02-02-24.wav
calm,kaggle/Ravdess/audio_speech_actors_01-24/Actor_24\03-01-02-01-01-01-24.wav
calm,kaggle/Ravdess/audio_speech_actors_01-24/Actor_24\03-01-02-01-01-02-24.wav
calm,kaggle/Ravdess/audio_speech_actors_01-24/Actor_24\03-01-02-01-02-01-24.wav
calm,kaggle/Ravdess/audio_speech_actors_01-24/Actor_24\03-01-02-01-02-02-24.wav
calm,kaggle/Ravdess/audio_speech_actors_01-24/Actor_24\03-01-02-02-01-01-24.wav
calm,kaggle/Ravdess/audio_speech_actors_01-24/Actor_24\03-01-02-02-01-02-24.wav
calm,kaggle/Ravdess/audio_speech_actors_01-24/Actor_24\03-01-02-02-02-01-24.wav
calm,kaggle/Ravdess/audio_speech_actors_01-24/Actor_24\03-01-02-02-02-02-24.wav
happy,kaggle/Ravdess/audio_speech_actors_01-24/Actor_24\03-01-03-01-01-01-24.wav
happy,kaggle/Ravdess/audio_speech_actors_01-24/Actor_24\03-01-03-01-01-02-24.wav
happy,kaggle/Ravdess/audio_speech_actors_01-24/Actor_24\03-01-03-01-02-01-24.wav
happy,kaggle/Ravdess/audio_speech_actors_01-24/Actor_24\03-01-03-01-02-02-24.wav
happy,kaggle/Ravdess/audio_speech_actors_01-24/Actor_24\03-01-03-02-01-01-24.wav
happy,kaggle/Ravdess/audio_speech_actors_01-24/Actor_24\03-01-03-02-01-02-24.wav
happy,kaggle/Ravdess/audio_speech_actors_01-24/Actor_24\03-01-03-02-02-01-24.wav
happy,kaggle/Ravdess/audio_speech_actors_01-24/Actor_24\03-01-03-02-02-02-24.wav
sad,kaggle/Ravdess/audio_speech_actors_01-24/Actor_24\03-01-04-01-01-01-24.wav
sad,kaggle/Ravdess/audio_speech_actors_01-24/Actor_24\03-01-04-01-01-02-24.wav
sad,kaggle/Ravdess/audio_speech_actors_01-24/Actor_24\03-01-04-01-02-01-24.wav
sad,kaggle/Ravdess/audio_speech_actors_01-24/Actor_24\03-01-04-01-02-02-24.wav
sad,kaggle/Ravdess/audio_speech_actors_01-24/Actor_24\03-01-04-02-01-01-24.wav
sad,kaggle/Ravdess/audio_speech_actors_01-24/Actor_24\03-01-04-02-01-02-24.wav
sad,kaggle/Ravdess/audio_speech_actors_01-24/Actor_24\03-01-04-02-02-01-24.wav
sad,kaggle/Ravdess/audio_speech_actors_01-24/Actor_24\03-01-04-02-02-02-24.wav
angry,kaggle/Ravdess/audio_speech_actors_01-24/Actor_24\03-01-05-01-01-01-24.wav
angry,kaggle/Ravdess/audio_speech_actors_01-24/Actor_24\03-01-05-01-01-02-24.wav
angry,kaggle/Ravdess/audio_speech_actors_01-24/Actor_24\03-01-05-01-02-01-24.wav
angry,kaggle/Ravdess/audio_speech_actors_01-24/Actor_24\03-01-05-01-02-02-24.wav
angry,kaggle/Ravdess/audio_speech_actors_01-24/Actor_24\03-01-05-02-01-01-24.wav
angry,kaggle/Ravdess/audio_speech_actors_01-24/Actor_24\03-01-05-02-01-02-24.wav
angry,kaggle/Ravdess/audio_speech_actors_01-24/Actor_24\03-01-05-02-02-01-24.wav
angry,kaggle/Ravdess/audio_speech_actors_01-24/Actor_24\03-01-05-02-02-02-24.wav
fearful,kaggle/Ravdess/audio_speech_actors_01-24/Actor_24\03-01-06-01-01-01-24.wav
fearful,kaggle/Ravdess/audio_speech_actors_01-24/Actor_24\03-01-06-01-01-02-24.wav
fearful,kaggle/Ravdess/audio_speech_actors_01-24/Actor_24\03-01-06-01-02-01-24.wav
fearful,kaggle/Ravdess/audio_speech_actors_01-24/Actor_24\03-01-06-01-02-02-24.wav
fearful,kaggle/Ravdess/audio_speech_actors_01-24/Actor_24\03-01-06-02-01-01-24.wav
fearful,kaggle/Ravdess/audio_speech_actors_01-24/Actor_24\03-01-06-02-01-02-24.wav
fearful,kaggle/Ravdess/audio_speech_actors_01-24/Actor_24\03-01-06-02-02-01-24.wav
fearful,kaggle/Ravdess/audio_speech_actors_01-24/Actor_24\03-01-06-02-02-02-24.wav
disgust,kaggle/Ravdess/audio_speech_actors_01-24/Actor_24\03-01-07-01-01-01-24.wav
disgust,kaggle/Ravdess/audio_speech_actors_01-24/Actor_24\03-01-07-01-01-02-24.wav
disgust,kaggle/Ravdess/audio_speech_actors_01-24/Actor_24\03-01-07-01-02-01-24.wav
disgust,kaggle/Ravdess/audio_speech_actors_01-24/Actor_24\03-01-07-01-02-02-24.wav
disgust,kaggle/Ravdess/audio_speech_actors_01-24/Actor_24\03-01-07-02-01-01-24.wav
disgust,kaggle/Ravdess/audio_speech_actors_01-24/Actor_24\03-01-07-02-01-02-24.wav
disgust,kaggle/Ravdess/audio_speech_actors_01-24/Actor_24\03-01-07-02-02-01-24.wav
disgust,kaggle/Ravdess/audio_speech_actors_01-24/Actor_24\03-01-07-02-02-02-24.wav
surprise,kaggle/Ravdess/audio_speech_actors_01-24/Actor_24\03-01-08-01-01-01-24.wav
surprise,kaggle/Ravdess/audio_speech_actors_01-24/Actor_24\03-01-08-01-01-02-24.wav
surprise,kaggle/Ravdess/audio_speech_actors_01-24/Actor_24\03-01-08-01-02-01-24.wav
surprise,kaggle/Ravdess/audio_speech_actors_01-24/Actor_24\03-01-08-01-02-02-24.wav
surprise,kaggle/Ravdess/audio_speech_actors_01-24/Actor_24\03-01-08-02-01-01-24.wav
surprise,kaggle/Ravdess/audio_speech_actors_01-24/Actor_24\03-01-08-02-01-02-24.wav
surprise,kaggle/Ravdess/audio_speech_actors_01-24/Actor_24\03-01-08-02-02-01-24.wav
surprise,kaggle/Ravdess/audio_speech_actors_01-24/Actor_24\03-01-08-02-02-02-24.wav
